expression,reading,meaning,tags,guid,ความหมาย
ああ,ああ,"Ah!, Oh!",JLPT JLPT_4 JLPT_5 JLPT_N5,HI-.Ij?HS~,อ่า! โอ้!
会う,あう,"to meet, to see",JLPT JLPT_3 JLPT_5 JLPT_N5,kupB!kWE}<,เพื่อพบปะ เพื่อดู
青,あお,blue,JLPT JLPT_5 JLPT_N5,HB)I{+$j.i,สีฟ้า
青い,あおい,blue,Genki Genki_Ln.9 JLPT JLPT_5 JLPT_N5,q(A)lc.Kr8,สีฟ้า
赤,あか,red,JLPT JLPT_5 JLPT_N5,y!Fn9IOz@J,สีแดง
赤い,あかい,red,Genki Genki_Ln.9 Intermediate_Japanese Intermediate_Japanese_Ln.12 JLPT JLPT_5 JLPT_N5,D`aKGX2j!#,สีแดง
明るい,あかるい,bright (in reference to personality or weather); cheerful,Genki Genki_Ln.18 Intermediate_Japanese Intermediate_Japanese_Ln.11 JLPT JLPT_5 JLPT_N5,m>)z8|k.>J,สดใส (ในแง่ของบุคลิกภาพหรือสภาพอากาศ); ร่าเริง
秋,あき,fall (season),Genki Genki_Ln.10 Intermediate_Japanese Intermediate_Japanese_Ln.4 JLPT JLPT_3 JLPT_5 JLPT_N5,H~$iS3{X?*,ฤดูใบไม้ร่วง
開く,あく,"to open, to become open",JLPT JLPT_3 JLPT_5 JLPT_N5,m[4![DH*c~,"เพื่อเปิด, เพื่อให้เปิดออก"
開ける,あける,to open (v.t.),Intermediate_Japanese Intermediate_Japanese_Ln.12 JLPT JLPT_3 JLPT_5 JLPT_N5,y.#AVx@-k>,เปิด (กริยา)
上げる,あげる,"to raise, to lift",JLPT JLPT_3 JLPT_5 JLPT_N5,Hp0]9?Ae.w,"ยกขึ้น, ยกระดับ"
朝,あさ,morning,Genki Genki_Ln.3 Intermediate_Japanese Intermediate_Japanese_Ln.2 JLPT JLPT_5 JLPT_N5,g|Q>VbnCii,เช้า
朝御飯,あさごはん,breakfast,Genki Genki_Ln.3 JLPT JLPT_5 JLPT_N5,wWUR=G6*(U,อาหารเช้า
明後日,あさって,day after tomorrow,JLPT JLPT_5 JLPT_N5,mF[0Aq7|V7,วันมะรืนนี้
足; 脚,あし,foot; leg,JLPT JLPT_5 JLPT_N5,m.INsC.wC2,เท้า; ขา
明日,あした,tomorrow,Genki Genki_Ln.3 Intermediate_Japanese Intermediate_Japanese_Ln.7 JLPT JLPT_3 JLPT_5 JLPT_N5,xZI7N3AauN,พรุ่งนี้
あそこ,あそこ,"there, over there, that place",Genki Genki_Ln.2 JLPT JLPT_5 JLPT_N5,P>AI.lx+Jq,ตรงนั้น ตรงนั้น ที่นั่นเอง
遊ぶ,あそぶ,to play; to spend time pleasantly; to hang out,Genki Genki_Ln.6 Intermediate_Japanese Intermediate_Japanese_Ln.1 JLPT JLPT_5 JLPT_N5,e<h|f2`;&,เล่น; ใช้เวลาอย่างเพลิดเพลิน; ออกไปเที่ยวเล่น
暖かい,あたたかい,warm,JLPT_N5,tk[pUMy0{i,อบอุ่น
頭,あたま,head,Intermediate_Japanese Intermediate_Japanese_Ln.2 JLPT JLPT_5 JLPT_N5,DaKiPvzaex,ศีรษะ
新しい,あたらしい,new,Genki Genki_Ln.5 JLPT JLPT_5 JLPT_N5,h)6JB@Q5Rj,ใหม่
あちら,あちら,this way (polite),Genki Genki_Ln.20 JLPT JLPT_5 JLPT_N5,h{rLO32/d4,ทางนี้ (สุภาพ)
暑い,あつい,"hot (in reference to weather), warm",Genki Genki_Ln.5 Intermediate_Japanese Intermediate_Japanese_Ln.4 JLPT JLPT_5 JLPT_N5,"gSl8i,<}^I",ร้อน (ในความหมายของสภาพอากาศ) อบอุ่น
熱い,あつい,hot (objects),Genki Genki_Ln.5 JLPT JLPT_5 JLPT_N5,Gy7fB=0YXx,ร้อน (วัตถุ)
厚い,あつい,"kind, warm(hearted), thick, deep",JLPT JLPT_5 JLPT_N5,v[2GvOysf?,ใจดี อบอุ่น ลึกซึ้ง
あっち,あっち,over there,JLPT JLPT_5 JLPT_N5,Pv=fA$Z6K5,ตรงนั้น
後,あと,afterwards (later); in the future; the rest; since then,Genki Genki_Ln.18 JLPT JLPT_2 JLPT_3 JLPT_5 JLPT_N5,"r-[yF55!,-",หลังจากนั้น (ภายหลัง); ในอนาคต; ส่วนที่เหลือ; ตั้งแต่นั้นมา
あなた,あなた,you,Genki Genki_Ln.4 JLPT JLPT_5 JLPT_N5,"dwd.i?n%,!",คุณ
兄,あに,(my) older brother (humble),Genki Genki_Ln.14 JLPT JLPT_5 JLPT_N5,L}%Kue=51s,พี่ชายของฉัน (ผู้ถ่อมตน)
姉,あね,(my) older sister (humble),Genki Genki_Ln.7 JLPT JLPT_5 JLPT_N5,IX6p9}CO.e,พี่สาวของฉัน (ผู้อ่อนน้อม)
アパート,アパート,apartment (abbr.),Genki Genki_Ln.7 JLPT JLPT_5 JLPT_N5,wZ/2ki)d+f,อพาร์ตเมนต์ (ย่อ)
あの,あの,"that over there; like that, that way; um...",JLPT JLPT_4 JLPT_5 JLPT_N5,B2LX%goFyX,ตรงนั้น; แบบนั้น ทางนั้น; เอ่อ...
浴びる,あびる,"to bathe, to shower",JLPT JLPT_3 JLPT_5 JLPT_N5,b2.2F3UI=#,"อาบน้ำ, อาบน้ำฝักบัว"
危ない,あぶない,"dangerous, critical",Intermediate_Japanese Intermediate_Japanese_Ln.15 JLPT JLPT_5 JLPT_N5,kjgRC;INvI,อันตราย วิกฤต
甘い,あまい,"generous, sweet",Genki Genki_Ln.12 JLPT JLPT_5 JLPT_N5,jcM!HlCL`<,ใจกว้าง ใจดี
余り,あまり,not very; surplus,JLPT JLPT_3 JLPT_5 JLPT_N5,"l$B(J(k,y1",ไม่มากนัก; ส่วนเกิน
雨,あめ,rain,Genki Genki_Ln.8 JLPT JLPT_5 JLPT_N5,PaXlv})<8_,ฝน
飴,あめ,(hard) candy,JLPT JLPT_5 JLPT_N5,v}dp1l^X:W,ลูกอม (แข็ง)
洗う,あらう,to wash,Genki Genki_Ln.8 Intermediate_Japanese Intermediate_Japanese_Ln.10 JLPT JLPT_5 JLPT_N5,H=[cc$xhzR,เพื่อล้าง
在る,ある,"to be, to have",JLPT JLPT_3 JLPT_5 JLPT_N5,w$Yz{uB@-`,"จะเป็น, มี"
有る,ある,"to be, to have",JLPT JLPT_3 JLPT_5 JLPT_N5,v`6i&kQMJj,"จะเป็น, มี"
歩く,あるく,to walk,Genki Genki_Ln.20 Intermediate_Japanese Intermediate_Japanese_Ln.1 JLPT JLPT_5 JLPT_N5,"Kkagn,fSTU",เดิน
あれ,あれ,that one (over there),Genki Genki_Ln.2 JLPT JLPT_5 JLPT_N5,Co(PaI(^/_,อันนั้น (ตรงนั้น)
いい; よい,いい; よい,good,JLPT JLPT_5 JLPT_N5,O(#?WJE%7H,ดี
いいえ,いいえ,"no, not at all",JLPT JLPT_5 JLPT_N5,"iO`r],Af`o",ไม่เลย ไม่ใช่เลยสักนิด
言う,いう,to say,Genki Genki_Ln.8 JLPT JLPT_5 JLPT_N5,iurNhMLEpv,พูดได้ว่า
家,いえ,"house, home",Genki Genki_Ln.3 JLPT JLPT_2 JLPT_3 JLPT_5 JLPT_N5,QGc`#y1e97,"บ้าน, ที่อยู่อาศัย"
いかが,いかが,"how, in what way",JLPT JLPT_5 JLPT_N5,r5L~xW!JP9,อย่างไร ด้วยวิธีใด
行く,いく; ゆく,to go,JLPT JLPT_5 JLPT_N5,kJnXhXxW0),ไป
いくつ,いくつ,"how many, how old",JLPT JLPT_3 JLPT_5 JLPT_N5,mxf9)ZwbLi,มีจำนวนเท่าไหร่ อายุเท่าไหร่
いくら,いくら,"how much, how many",Genki Genki_Ln.2 JLPT JLPT_3 JLPT_5 JLPT_N5,G7]VF2LkZL,เท่าไหร่ เท่าไหร่
池,いけ,pond,JLPT JLPT_5 JLPT_N5,"u8]?l[G,7&",บ่อน้ำ
医者,いしゃ,doctor; physician,Genki Genki_Ln.1 Genki_Ln.10 Intermediate_Japanese Intermediate_Japanese_Ln.12 JLPT JLPT_5 JLPT_N5,"f&|8.,xzY9",หมอ; แพทย์
椅子,いす,chair,JLPT JLPT_3 JLPT_5 JLPT_N5,Nxw^e{dZp(,เก้าอี้
忙しい,いそがしい,"busy (people, days)",Genki Genki_Ln.5 JLPT JLPT_5 JLPT_N5,pTORshR]m|,"ยุ่ง (คน, วัน)"
痛い,いたい,hurt; painful; sore,Genki Genki_Ln.12 Intermediate_Japanese Intermediate_Japanese_Ln.5 JLPT JLPT_5 JLPT_N5,O@@jk^&oQ8,เจ็บ; ปวด; ระบม
一,いち,one,JLPT JLPT_3 JLPT_5 JLPT_N5,C57gy_Lcmo,หนึ่ง
一日,いちにち,one day (duration),Genki Genki_Ln.13 JLPT JLPT_5 JLPT_N5,Q/Fb^F]yhk,หนึ่งวัน (ระยะเวลา)
一番,いちばん,"best (most), first, number one",Genki Genki_Ln.10 Intermediate_Japanese Intermediate_Japanese_Ln.3 JLPT JLPT_3 JLPT_5 JLPT_N5,y&ds7j((mb,"ดีที่สุด (มากที่สุด), อันดับแรก, อันดับหนึ่ง"
いつ,いつ,when,Genki Genki_Ln.3 JLPT JLPT_2 JLPT_5 JLPT_N5,oGX1~x%YQo,เมื่อไร
五日,いつか,five days; fifth day of the month,Genki Genki_Ln.13 JLPT JLPT_3 JLPT_5 JLPT_N5,iii]i;bYjg,ห้าวัน; วันที่ห้าของเดือน
一緒,いっしょ,together,Intermediate_Japanese Intermediate_Japanese_Ln.7 JLPT JLPT_5 JLPT_N5,D>uK5dFJy^,ด้วยกัน
五つ,いつつ,five things,Genki Genki_Ln.9 JLPT JLPT_5 JLPT_N5,Q!*H:Q_rHO,ห้าสิ่ง
いつも,いつも,"always, usually, every time, never (with neg. verb)",Genki Genki_Ln.12 JLPT JLPT_3 JLPT_5 JLPT_N5,BM|Xrf53.p,"เสมอ, โดยปกติ, ทุกครั้ง, ไม่เคย (ใช้กับกริยาปฏิเสธ)"
犬,いぬ,dog,Genki Genki_Ln.4 JLPT JLPT_5 JLPT_N5,"ktH(<>,fX+",สุนัข
今,いま,now,Genki Genki_Ln.1 JLPT JLPT_3 JLPT_5 JLPT_N5,N{Ld-iFO]H,ตอนนี้
意味,いみ,"meaning, significance",Genki Genki_Ln.12 Intermediate_Japanese Intermediate_Japanese_Ln.2 JLPT JLPT_5 JLPT_N5,xQ(-U#d9Tp,ความหมาย ความสำคัญ
妹,いもうと,younger sister (humble),Genki Genki_Ln.1 Genki_Ln.7 JLPT JLPT_5 JLPT_N5,BL_XI^txw+,น้องสาว (ผู้อ่อนน้อม)
嫌,いや,"disagreeable, detestable, unpleasant",JLPT JLPT_3 JLPT_5 JLPT_N5,pj6@51cCNZ,ไม่น่าพึงพอใจ น่ารังเกียจ ไม่น่ารื่นรมย์
入口,いりぐち,entrance,JLPT JLPT_5 JLPT_N5,"E5~,8$6,oj",ทางเข้า
居る,いる,"(humble) to be (animate), to exist",JLPT JLPT_5 JLPT_N5,wfzvV]4NOO,"(อย่างถ่อมตน) ที่จะ (มีชีวิต), ที่จะดำรงอยู่"
要る,いる,to need,JLPT JLPT_5 JLPT_N5,j|TF$iBC;9,จำเป็นต้อง
入れる,いれる,to put in,JLPT JLPT_5 JLPT_N5,swmy/(v]Eb,เพื่อใส่เข้าไป
色,いろ,color,Genki Genki_Ln.9 Intermediate_Japanese Intermediate_Japanese_Ln.9 JLPT JLPT_5 JLPT_N5,"Epa;v6=%P,",สี
色々,いろいろ,various,JLPT JLPT_5 JLPT_N5,jV7cB[WgxE,หลากหลาย
上,うえ,"above (up, top, etc.), over, on top of",JLPT JLPT_2 JLPT_5 JLPT_N5,"j3j@,T!uH>","ด้านบน (ขึ้น, ด้านบนสุด ฯลฯ) เหนือ, บนสุด"
後ろ,うしろ,"back, behind, rear",JLPT JLPT_3 JLPT_5 JLPT_N5,s:DnwS1iNM,"ด้านหลัง, ข้างหลัง, ท้าย"
薄い,うすい,"thin, weak",JLPT JLPT_3 JLPT_5 JLPT_N5,pRrb<$bzH|,ผอมบาง อ่อนแอ
歌,うた,a song,Genki Genki_Ln.7 JLPT JLPT_5 JLPT_N5,JJN9**Hn8A,เพลง
歌う,うたう,to sing,Genki Genki_Ln.7 Intermediate_Japanese Intermediate_Japanese_Ln.7 JLPT JLPT_5 JLPT_N5,AN4yH;7MHR,ร้องเพลง
うち,うち,home; house; my place,Genki Genki_Ln.3 JLPT JLPT_3 JLPT_5 JLPT_N5,u5l2?%hKEd,บ้าน; ที่อยู่อาศัย; ที่ของฉัน
生まれる,うまれる,to be born,JLPT JLPT_3 JLPT_5 JLPT_N5,i{d6CiQ#iK,ที่จะเกิด
海,うみ,"sea, beach",Genki Genki_Ln.5 JLPT JLPT_5 JLPT_N5,Cla&e~|Y6P,ทะเล ชายหาด
売る,うる,to sell (v.t.),Genki Genki_Ln.15 Intermediate_Japanese Intermediate_Japanese_Ln.6 JLPT JLPT_3 JLPT_5 JLPT_N5,nqk=gYOr|$,ขาย (กริยา)
うるさい,うるさい,noisy; annoying,Genki Genki_Ln.22 JLPT JLPT_3 JLPT_5 JLPT_N5,fsH/V)BWD4,เสียงดัง; น่ารำคาญ
上着,うわぎ,"coat, jacket",JLPT JLPT_5 JLPT_N5,nv?u]<OhhN,"เสื้อโค้ท, เสื้อแจ็คเก็ต"
絵,え,a painting; a picture; a drawing,Genki Genki_Ln.15 JLPT JLPT_3 JLPT_5 JLPT_N5,E6H3mWmPF1,ภาพวาด; รูปภาพ; ภาพร่าง
映画,えいが,"movie, film",Genki Genki_Ln.3 Intermediate_Japanese Intermediate_Japanese_Ln.7 JLPT JLPT_5 JLPT_N5,Q842_8x`<%,ภาพยนตร์
映画館,えいがかん,"movie theater, cinema",Genki Genki_Ln.15 JLPT JLPT_5 JLPT_N5,tKa%gU>tYk,"โรงภาพยนตร์, โรงหนัง"
英語,えいご,English (language),Genki Genki_Ln.1 JLPT JLPT_5 JLPT_N5,l~kTfp|Na~,ภาษาอังกฤษ
ええ,ええ,yes,Genki Genki_Ln.1 JLPT JLPT_5 JLPT_N5,K4f;DsCIdC,ใช่
駅,えき,station,Genki Genki_Ln.10 JLPT JLPT_5 JLPT_N5,EP[wTa2Y![,สถานี
エレベーター,エレベーター,elevator,JLPT JLPT_2 JLPT_5 JLPT_N5,GomZ-xrho6,ลิฟต์
～円,～えん,Yen,JLPT JLPT_5 JLPT_N5,"rY,[_6)@&p",เยน
鉛筆,えんぴつ,pencil,Genki Genki_Ln.2 JLPT JLPT_5 JLPT_N5,ArKUTnLoi2,ดินสอ
お～,お～,honorable ~ (honorific),JLPT JLPT_5 JLPT_N5,Q1z/@I6[X=,ผู้ทรงเกียรติ ~ (คำยกย่อง)
美味しい,おいしい,"delicious, tasty",JLPT JLPT_5 JLPT_N5,f%Oz)hC{aH,อร่อย รสชาติดี
多い,おおい,many; there are a lot,Intermediate_Japanese Intermediate_Japanese_Ln.1 JLPT JLPT_5 JLPT_N5,CS_ZJ+i5[),มากมาย; มีอยู่เยอะมาก
大きい,おおきい,"big, large",Genki Genki_Ln.5 JLPT JLPT_5 JLPT_N5,N*s[nF-<Om,ใหญ่ ขนาดใหญ่
大きな,おおきな,big,JLPT JLPT_5 JLPT_N5,"C@,$F5(H&S",ใหญ่
大勢,おおぜい,great number of people,JLPT JLPT_5 JLPT_N5,d_f[=H{F{<,ผู้คนจำนวนมาก
お母さん,おかあさん,mother (formal),Genki Genki_Ln.1 Genki_Ln.2 JLPT JLPT_5 JLPT_N5,JmU7?0Aw7),แม่ (ทางการ)
お菓子,おかし,"confections, sweets, snack",Genki Genki_Ln.11 JLPT JLPT_5 JLPT_N5,iY2$$8!fW<,ขนมหวาน ของว่าง
お金,おかね,money,Genki Genki_Ln.6 JLPT JLPT_5 JLPT_N5,uh%`nh}D?M,เงิน
起きる,おきる,"to get up (e.g., from sleeping); to happen",Genki Genki_Ln.3 Intermediate_Japanese Intermediate_Japanese_Ln.12 JLPT JLPT_3 JLPT_5 JLPT_N5,i~#f<a525w,ลุกขึ้น (เช่น จากการนอนหลับ); เกิดขึ้น
置く,おく,to put; to lay; to place,Genki Genki_Ln.21 JLPT JLPT_3 JLPT_5 JLPT_N5,"KTJ,/<Sfw7",วาง; ปัก; จัดวาง
奥さん,おくさん,(someone else's) wife (hon.),Genki Genki_Ln.14 Intermediate_Japanese Intermediate_Japanese_Ln.9 JLPT JLPT_5 JLPT_N5,raj<Z6u7R],ภรรยาของคนอื่น (ท่าน)
お酒,おさけ,sake; alcohol,Genki Genki_Ln.3 JLPT JLPT_5 JLPT_N5,BPnYG]G`g3,สาเก; แอลกอฮอล์
お皿,おさら,"plate, dish",JLPT JLPT_5 JLPT_N5,"lNBs!SV,D!","จาน, ชาม"
伯父; 叔父さん,おじさん,"uncle, middle-aged man",JLPT JLPT_5 JLPT_N5,s$4&3o9W|{,ลุง ชายวัยกลางคน
おじいさん,おじいさん,"grandfather, male senior citizen",Genki Genki_Ln.13 JLPT JLPT_3 JLPT_5 JLPT_N5,OnBGSorIYO,คุณปู่ ชายสูงอายุ
教える,おしえる,"to teach, to inform, to instruct",Intermediate_Japanese Intermediate_Japanese_Ln.1 JLPT JLPT_5 JLPT_N5,&(rx8HabP,เพื่อสอน เพื่อให้ข้อมูล เพื่อให้คำแนะนำ
押す,おす,"to push, to press, to stamp (e.g., a passport)",Genki Genki_Ln.18 JLPT JLPT_5 JLPT_N5,O7S.k1^4+9,"กด, ตอก, ประทับตรา (เช่น หนังสือเดินทาง)"
遅い,おそい,slow; (to be) late,Genki Genki_Ln.10 Intermediate_Japanese Intermediate_Japanese_Ln.11 JLPT JLPT_5 JLPT_N5,e`TVG4aTiS,ช้า; (มา)สาย
お茶,おちゃ,(green) tea,Genki Genki_Ln.3 Intermediate_Japanese Intermediate_Japanese_Ln.6 JLPT JLPT_5 JLPT_N5,"o|6tDcd,cL",ชา (เขียว)
お手洗い,おてあらい,"toilet, restroom, bathroom (lit., a place to wash one's hands)",Genki Genki_Ln.2 Intermediate_Japanese Intermediate_Japanese_Ln.13 JLPT JLPT_5 JLPT_N5,jX+//z~!X8,"ห้องสุขา, ห้องน้ำ (แปลตรงตัวว่า สถานที่สำหรับล้างมือ)"
お父さん,おとうさん,father (formal),Genki Genki_Ln.1 Genki_Ln.2 JLPT JLPT_5 JLPT_N5,Kh?V(6)C|2,พ่อ (ทางการ)
弟,おとうと,younger brother,Genki Genki_Ln.1 Genki_Ln.7 JLPT JLPT_5 JLPT_N5,"ht,o]F,GkV",น้องชาย
男,おとこ,"man, male",Genki Genki_Ln.17 JLPT JLPT_5 JLPT_N5,QC9-<k]D|G,"ชาย, เพศชาย"
男の子,おとこのこ,boy,Genki Genki_Ln.11 JLPT JLPT_5 JLPT_N5,mDCUq=3c&Y,เด็กผู้ชาย
一昨日,おととい,the day before yesterday,Genki Genki_Ln.19 JLPT JLPT_5 JLPT_N5,n^WNNS^t5D,เมื่อวันก่อน
おととし,おととし,year before last,JLPT JLPT_5 JLPT_N5,"i$lVvl^Y,~",ปีก่อนปีที่แล้ว
大人,おとな,adult,Genki Genki_Ln.13 JLPT JLPT_5 JLPT_N5,F~j9Wag0^x,ผู้ใหญ่
お腹,おなか,stomach,JLPT JLPT_3 JLPT_5 JLPT_N5,GVf+XC=Lx4,ท้อง
同じ,おなじ,"same, identical",Genki Genki_Ln.14 Intermediate_Japanese Intermediate_Japanese_Ln.1 JLPT JLPT_5 JLPT_N5,FT1U+`d~$u,เหมือนกัน เหมือนกันทุกประการ
お兄さん,おにいさん,(someone else's) older brother (formal),Genki Genki_Ln.1 Genki_Ln.7 Intermediate_Japanese Intermediate_Japanese_Ln.4 JLPT JLPT_5 JLPT_N5,c-e]c9shpL,พี่ชาย (ของคนอื่น) (แบบทางการ)
お姉さん,おねえさん,older sister (formal),Genki Genki_Ln.1 Genki_Ln.7 JLPT JLPT_5 JLPT_N5,"Q,2s6~F,9F",พี่สาว (แบบทางการ)
伯母さん; 叔母さん,おばさん,aunt,JLPT JLPT_5 JLPT_N5,fk]_fvvw.h,ป้า
おばあさん,おばあさん,"grandmother, female senior-citizen",Genki Genki_Ln.6 JLPT JLPT_5 JLPT_N5,K7L64Zdx7D,"คุณยาย, หญิงสูงวัย"
お風呂,おふろ,a bath,JLPT_N5,btJ^oH!>Ob,อาบน้ำ
お弁当,おべんとう,a boxed lunch,Genki Genki_Ln.9 JLPT JLPT_5 JLPT_N5,ou=Mxez95b,อาหารกลางวันแบบกล่อง
覚える,おぼえる,"to learn, to commit to memory, to remember, to memorize",Intermediate_Japanese Intermediate_Japanese_Ln.2 JLPT JLPT_5 JLPT_N5,k*NiP6Je8n,"เรียนรู้, จดจำ, ระลึก, ท่องจำ"
おまわりさん,おまわりさん,policeman (friendly term),JLPT JLPT_5 JLPT_N5,kI/erxg?st,ตำรวจ (คำทักทายที่เป็นมิตร)
重い,おもい,heavy; serious,Genki Genki_Ln.20 JLPT JLPT_3 JLPT_5 JLPT_N5,n(}tZ@Uv29,หนัก; ร้ายแรง
面白い,おもしろい,"interesting, amusing",Genki Genki_Ln.5 Intermediate_Japanese Intermediate_Japanese_Ln.4 JLPT JLPT_5 JLPT_N5,"J&$%9x,#?>",น่าสนใจ น่าขบขัน
泳ぐ,およぐ,to swim,Genki Genki_Ln.5 JLPT JLPT_5 JLPT_N5,bxmTHH/R3s,ว่ายน้ำ
降りる,おりる,to get off,JLPT JLPT_3 JLPT_5 JLPT_N5,hM4FhZWg_/,ลงจากรถ
終る,おわる,"to finish, to close",JLPT JLPT_5 JLPT_N5,D_J6!H@vf*,เพื่อจบ เพื่อปิด
音楽,おんがく,Music,Genki Genki_Ln.3 Intermediate_Japanese Intermediate_Japanese_Ln.3 JLPT JLPT_5 JLPT_N5,fcOO[?V993,ดนตรี
女,おんな,"woman, female",Genki Genki_Ln.17 JLPT JLPT_5 JLPT_N5,d3!7^Z7+&i,"ผู้หญิง, เพศหญิง"
女の子,おんなのこ,girl,Genki Genki_Ln.11 JLPT JLPT_5 JLPT_N5,n^ma[3kYmi,สาว
～回,～かい,counter for occurrences (~ times),JLPT JLPT_1 JLPT_5 JLPT_N5,dwW`SX||PF,ตัวนับจำนวนครั้ง (~ ครั้ง)
～階,～かい,counter for stories (floors) of a building,JLPT JLPT_4 JLPT_5 JLPT_N5,x]4mRhDP?0,ตัวนับจำนวนชั้น (ชั้น) ของอาคาร
外国,がいこく,foreign country; abroad,Genki Genki_Ln.11 Intermediate_Japanese Intermediate_Japanese_Ln.6 JLPT JLPT_5 JLPT_N5,K:<1s^}$O$,ต่างประเทศ; ต่างแดน
外国人,がいこくじん,foreigner,Genki Genki_Ln.15 JLPT JLPT_5 JLPT_N5,mxObbkK7.-,ชาวต่างชาติ
会社,かいしゃ,"company, corporation",Genki Genki_Ln.7 JLPT JLPT_5 JLPT_N5,owc{ezB4?4,"บริษัท, องค์กร"
階段,かいだん,stairs,JLPT JLPT_5 JLPT_N5,"ui<=#{,<U^",บันได
買い物,かいもの,shopping,Genki Genki_Ln.4 JLPT JLPT_5 JLPT_N5,uV:`-T%Eq~,ช้อปปิ้ง
買う,かう,to buy,JLPT JLPT_3 JLPT_5 JLPT_N5,Q.3jlQZyvW,ซื้อ
返す,かえす,to return something,JLPT JLPT_3 JLPT_5 JLPT_N5,b+[+YOY+dv,เพื่อคืนสินค้า
帰る,かえる,"to go back, to go home, to return",Intermediate_Japanese Intermediate_Japanese_Ln.1 JLPT JLPT_3 JLPT_5 JLPT_N5,HBCAN.he?j,กลับไป กลับบ้าน กลับมา
顔,かお,face (body part),Genki Genki_Ln.10 Intermediate_Japanese Intermediate_Japanese_Ln.2 JLPT JLPT_3 JLPT_5 JLPT_N5,MGLL{4`mK@,ใบหน้า (ส่วนของร่างกาย)
かかる,かかる,"it takes (amount of time, money) (v.i.)",Genki Genki_Ln.10 Intermediate_Japanese Intermediate_Japanese_Ln.1 JLPT JLPT_3 JLPT_5 JLPT_N5,yajlZ<1W@=,"ต้องใช้ (จำนวนเวลา, เงิน) (กริยาไม่ต้องการกรรม)"
鍵,かぎ,a lock; a key,Genki Genki_Ln.17 JLPT JLPT_3 JLPT_5 JLPT_N5,CBifo1C?=d,กุญแจ; ตัวล็อก
書く,かく,to write,JLPT JLPT_3 JLPT_5 JLPT_N5,ytOa}oy+zO,เพื่อเขียน
学生,がくせい,student,Genki Genki_Ln.1 JLPT JLPT_5 JLPT_N5,"JC,(K4dD==",นักเรียน
～か月,～かげつ,(number of) months,JLPT JLPT_5 JLPT_N5,p^^qFJHF)[,(จำนวน) เดือน
掛ける,かける,"to put on (e.g., glasses); to hang (e.g., on a wall)",JLPT JLPT_3 JLPT_4 JLPT_5 JLPT_N5,J@I.fZoEvE,สวมใส่ (เช่น แว่นตา); แขวน (เช่น บนผนัง)
かける,かける,"to dial/call (e.g., phone); to sit down",Genki Genki_Ln.19 JLPT JLPT_3 JLPT_4 JLPT_5 JLPT_N5,j[@hZ&;%2u,โทรออก/กดหมายเลข (เช่น โทรศัพท์); นั่งลง
傘,かさ,"umbrella, parasol",Genki Genki_Ln.2 JLPT JLPT_5 JLPT_N5,p_LV=Cf?pc,"ร่ม, ร่มกันแดด"
貸す,かす,to lend,Intermediate_Japanese Intermediate_Japanese_Ln.3 JLPT JLPT_5 JLPT_N5,yag&XA]F86,ให้ยืม
風,かぜ,"wind, breeze",Genki Genki_Ln.22 JLPT JLPT_5 JLPT_N5,wPz(SGuAqF,"ลม, ลมเบา"
風邪,かぜ,"cold, flu",Genki Genki_Ln.12 JLPT JLPT_5 JLPT_N5,"G#zadB[Bd,",หวัด ไข้หวัดใหญ่
方,かた,-- honorific form for 人 (ひと) --; way of doing,Intermediate_Japanese Intermediate_Japanese_Ln.4 JLPT JLPT_3 JLPT_4 JLPT_5 JLPT_N5,GtdTiap.Os,-- รูปแสดงเกียรติของ 人 (ひと) --; วิธีการทำ
家族,かぞく,"family, members of a family",Genki Genki_Ln.7 Intermediate_Japanese Intermediate_Japanese_Ln.1 JLPT JLPT_5 JLPT_N5,jwBW:Yf?[N,ครอบครัว สมาชิกในครอบครัว
片仮名,かたかな,katakana,JLPT JLPT_5 JLPT_N5,y%B]18.T{|,คาตาคานะ
～月,～がつ,month of year,JLPT JLPT_5 JLPT_N5,x[qBqm:mer,เดือนของปี
学校,がっこう,a school,Genki Genki_Ln.3 JLPT JLPT_5 JLPT_N5,jMUlk]n4bL,โรงเรียน
カップ,カップ,cup,JLPT JLPT_1 JLPT_5 JLPT_N5,N>J.3DDIIf,ถ้วย
家庭,かてい,home; family,Intermediate_Japanese Intermediate_Japanese_Ln.3 JLPT JLPT_3 JLPT_5 JLPT_N5,K=/LkA^bE5,บ้าน; ครอบครัว
角,かど,"corner (e.g., desk, pavement)",Genki Genki_Ln.20 JLPT JLPT_5 JLPT_N5,NblB:vgsi`,มุม (เช่น โต๊ะทำงาน ทางเท้า)
かばん,かばん,"bag, basket",Genki Genki_Ln.2 JLPT JLPT_5 JLPT_N5,M4T~@ehWYB,กระเป๋า ตะกร้า
花瓶,かびん,(flower) vase,JLPT JLPT_5 JLPT_N5,m<:4xC~U|%,แจกันดอกไม้
かぶる,かぶる,"to wear, to put on (e.g., a hat on the head)",Genki Genki_Ln.7 JLPT JLPT_3 JLPT_5 JLPT_N5,"v~,/++9.ks","สวมใส่, สวม (เช่น สวมหมวกบนศีรษะ)"
紙,かみ,paper,Genki Genki_Ln.17 JLPT JLPT_3 JLPT_5 JLPT_N5,BZj5w]P?W@,กระดาษ
カメラ,カメラ,camera,Genki Genki_Ln.8 JLPT JLPT_5 JLPT_N5,m@gkXGnk1!,กล้อง
火曜日,かようび,Tuesday,Genki Genki_Ln.4 JLPT JLPT_5 JLPT_N5,rx9;D%FE+1,วันอังคาร
辛い,からい,hot and spicy; salty,Genki Genki_Ln.13 JLPT JLPT_5 JLPT_N5,EjaGe<]5<&,เผ็ดร้อน เค็ม
体,からだ,body; health,Genki Genki_Ln.23 Intermediate_Japanese Intermediate_Japanese_Ln.4 JLPT JLPT_5 JLPT_N5,x=d[R_7msH,ร่างกาย; สุขภาพ
借りる,かりる,"to borrow, to owe",JLPT JLPT_5 JLPT_N5,EV_.CiOUqY,"ยืม, เป็นหนี้"
～がる,～がる,feel,JLPT JLPT_5 JLPT_N5,e--3P:#0au,รู้สึก
軽い,かるい,"light, non-serious, minor",JLPT JLPT_5 JLPT_N5,"Q?,F=N/]i*",เล็กน้อย ไม่ร้ายแรง ไม่รุนแรง
カレー,カレー,curry (abbr. for curry and rice),Genki Genki_Ln.13 JLPT JLPT_1 JLPT_5 JLPT_N5,l)iLA}_6t!,แกง (คำย่อของ แกงและข้าว)
カレンダー,カレンダー,calendar,JLPT JLPT_5 JLPT_N5,"H,vNs@Ml~$",ปฏิทิน
川; 河,かわ,river,JLPT JLPT_3 JLPT_5 JLPT_N5,QzV_(D2VAO,แม่น้ำ
～側,～がわ,~ side,JLPT_N5,ks2wGx4U0-,~ ด้านข้าง
可愛い,かわいい,"cute, adorable",JLPT JLPT_5 JLPT_N5,"cM$xbG,Do&",น่ารัก น่าเอ็นดู
漢字,かんじ,kanji; Chinese character,Genki Genki_Ln.6 Intermediate_Japanese Intermediate_Japanese_Ln.4 JLPT JLPT_3 JLPT_5 JLPT_N5,"yx;[,(ZC<M",คันจิ; อักษรจีน
木,き,"tree, wood, timber",Genki Genki_Ln.22 JLPT JLPT_5 JLPT_N5,"Pt,~h2%O9J","ต้นไม้, ไม้, ท่อนซุง"
黄色,きいろ,yellow,JLPT JLPT_5 JLPT_N5,c$:@4*e3c*,สีเหลือง
黄色い,きいろい,yellow,JLPT JLPT_5 JLPT_N5,yw~rIwG)7I,สีเหลือง
消える,きえる,"to vanish, to disappear",Genki Genki_Ln.18 JLPT JLPT_5 JLPT_N5,Hl(tY84I}b,"หายไป, สูญหาย"
聞く,きく,"to hear, to listen, to ask",JLPT JLPT_3 JLPT_5 JLPT_N5,CbCe+?lSS(,เพื่อฟัง เพื่อรับฟัง เพื่อถาม
北,きた,north,Intermediate_Japanese Intermediate_Japanese_Ln.10 JLPT JLPT_5 JLPT_N5,c_4*(T~qY|,ทิศเหนือ
ギター,ギター,guitar,Genki Genki_Ln.9 JLPT JLPT_5 JLPT_N5,gl.RMMgxvn,กีตาร์
汚い,きたない,"dirty, unclean, filthy",Genki Genki_Ln.16 JLPT JLPT_5 JLPT_N5,gA&c1.)X%=,"สกปรก, ไม่สะอาด, โสโครก"
喫茶店,きっさてん,café,Genki Genki_Ln.2 Intermediate_Japanese Intermediate_Japanese_Ln.11 JLPT JLPT_5 JLPT_N5,b3?(}lhy[4,คาเฟ่
切手,きって,postal (postage) stamps,Genki Genki_Ln.5 Intermediate_Japanese Intermediate_Japanese_Ln.3 JLPT JLPT_5 JLPT_N5,GZ2eU+7^)f,แสตมป์ไปรษณีย์
切符,きっぷ,a ticket,Genki Genki_Ln.5 Intermediate_Japanese Intermediate_Japanese_Ln.10 JLPT JLPT_5 JLPT_N5,i@ntG+Gt0l,ตั๋ว
昨日,きのう,yesterday,Genki Genki_Ln.4 JLPT JLPT_3 JLPT_5 JLPT_N5,"mMKJxv#,<s",เมื่อวาน
九,きゅう,nine,JLPT JLPT_3 JLPT_5 JLPT_N5,PCz+i!/c^t,เก้า
牛肉,ぎゅうにく,beef,JLPT JLPT_5 JLPT_N5,"HN>QIS,sa)",เนื้อวัว
牛乳,ぎゅうにゅう,milk,Genki Genki_Ln.18 JLPT JLPT_5 JLPT_N5,fkn+n(t~hl,น้ำนม
今日,きょう,"today, this day",Genki Genki_Ln.3 JLPT JLPT_5 JLPT_N5,bCP{!%CS>.,วันนี้ วันนี้
教室,きょうしつ,classroom,Intermediate_Japanese Intermediate_Japanese_Ln.3 JLPT JLPT_5 JLPT_N5,jd>*%:rgPV,ห้องเรียน
兄弟,きょうだい,"siblings (humble), brothers and sisters",Genki Genki_Ln.7 JLPT JLPT_5 JLPT_N5,tg~Kr0A/Mn,"พี่น้อง (อย่างถ่อมตน), พี่ชายและน้องสาว"
去年,きょねん,last year,Genki Genki_Ln.14 Intermediate_Japanese Intermediate_Japanese_Ln.1 JLPT JLPT_5 JLPT_N5,zrXmT>AI2s,ปีที่แล้ว
嫌い,きらい,dislike,JLPT JLPT_5 JLPT_N5,"qw1}y,Um4C",ไม่ชอบ
切る,きる,to cut; to hang up (a phone),Genki Genki_Ln.8 Intermediate_Japanese Intermediate_Japanese_Ln.12 JLPT JLPT_5 JLPT_N5,A;e]B2v]77,ตัดสาย; วางสาย (โทรศัพท์)
着る,きる,to put on (clothes above your waist); to wear,Genki Genki_Ln.7 Intermediate_Japanese Intermediate_Japanese_Ln.9 JLPT JLPT_5 JLPT_N5,g$-Eqb.V#N,สวมใส่ (เสื้อผ้าเหนือเอว); สวมใส่
綺麗,きれい,"pretty, clean, tidy",JLPT JLPT_5 JLPT_N5,y:f/R>36c4,สวย สะอาด เป็นระเบียบ
キロ; キログラム,キロ; キログラム,(abbr.) kilo (kilogram),JLPT JLPT_3 JLPT_5 JLPT_N5,"v,MI,fa=Pd",(ย่อ) กิโลกรัม
キロ; キロメートル,キロ; キロメートル,(abbr.) kilo (kilometer),JLPT JLPT_3 JLPT_5 JLPT_N5,I+%u|o<M9),(ย่อ) กิโลเมตร
銀行,ぎんこう,bank,Genki Genki_Ln.2 JLPT JLPT_5 JLPT_N5,dJzM6E^Crr,ธนาคาร
金曜日,きんようび,Friday,Genki Genki_Ln.4 JLPT JLPT_3 JLPT_5 JLPT_N5,H)-<3>G;wq,วันศุกร์
九,く,nine,JLPT JLPT_3 JLPT_5 JLPT_N5,J.@??p5!Es,เก้า
薬,くすり,medicine,Genki Genki_Ln.9 Intermediate_Japanese Intermediate_Japanese_Ln.12 JLPT JLPT_5 JLPT_N5,e<qA>@afcN,ยา
下さい,ください,(with te-form verb) please do for me,JLPT JLPT_5 JLPT_N5,wZXS53y~A,(ใช้กับกริยาในรูป te) กรุณาทำเพื่อฉันด้วย
果物,くだもの,fruit,Intermediate_Japanese Intermediate_Japanese_Ln.9 JLPT JLPT_5 JLPT_N5,"ff8}}%,}l0",ผลไม้
口,くち,job opening; mouth,Intermediate_Japanese Intermediate_Japanese_Ln.11 Intermediate_Japanese_Ln.8 JLPT JLPT_5 JLPT_N5,ODcS@5Ag5;,ประกาศรับสมัครงาน; ปาก
靴,くつ,"shoes, footwear",Genki Genki_Ln.2 JLPT JLPT_5 JLPT_N5,n}XPqtAFrb,รองเท้า
靴下,くつした,socks,Genki Genki_Ln.23 JLPT JLPT_5 JLPT_N5,"m{wv6,~qH4",ถุงเท้า
国,くに,country; place of origin,Genki Genki_Ln.7 JLPT JLPT_5 JLPT_N5,qu43})1T{b,ประเทศ; สถานที่กำเนิด
曇り,くもり,"cloudiness, cloudy weather",Genki Genki_Ln.12 JLPT JLPT_3 JLPT_5 JLPT_N5,"J%t?_,0ZZ)",เมฆมาก สภาพอากาศมีเมฆมาก
曇る,くもる,"to become cloudy, to become dim",JLPT JLPT_5 JLPT_N5,h68<#-5u4*,กลายเป็นขุ่นมัว กลายเป็นมืดมัว
暗い,くらい,"dark, gloomy",JLPT JLPT_3 JLPT_5 JLPT_N5,l[W6inIL/c,มืดมน อึมครึม
～くらい; ぐらい,～くらい; ぐらい,approximate (quantity),JLPT JLPT_5 JLPT_N5,i|aE4l1U6h,โดยประมาณ (ปริมาณ)
クラス,クラス,a class,Genki Genki_Ln.4 JLPT JLPT_5 JLPT_N5,I|[#&/BoM*,ชั้นเรียน
グラム,グラム,gram,JLPT JLPT_5 JLPT_N5,wf@~Kdx9Mo,กรัม
来る,くる,to come,JLPT JLPT_5 JLPT_N5,t8%I(!NKuq,ที่จะมาถึง
車,くるま,"car, vehicle",Genki Genki_Ln.7 JLPT JLPT_5 JLPT_N5,Dp50G3U@L=,"รถยนต์, ยานพาหนะ"
黒,くろ,black,JLPT JLPT_5 JLPT_N5,eM3bqzySWE,สีดำ
黒い,くろい,black; dark,Genki Genki_Ln.9 JLPT JLPT_5 JLPT_N5,y`TB7E}KvC,สีดำ; มืด
警官,けいかん,police officer,JLPT JLPT_5 JLPT_N5,r|k<lg[-^X,เจ้าหน้าที่ตำรวจ
今朝,けさ,this morning,Genki Genki_Ln.8 Intermediate_Japanese Intermediate_Japanese_Ln.2 JLPT JLPT_5 JLPT_N5,Ojh!YT%>_O,เช้านี้
消す,けす,"to erase, to delete, to turn off power",JLPT JLPT_5 JLPT_N5,kyBQ8>]kOz,"ลบ, ​​ยกเลิก, ปิดเครื่อง"
結構,けっこう,"splendid; enough, tolerably",JLPT JLPT_3 JLPT_5 JLPT_N5,OhYc[d+;sX,ยอดเยี่ยม; พอใช้ได้; เหมาะสม
結婚,けっこん (する),marriage (get married),JLPT JLPT_5 JLPT_N5,yoFb9mQ>xx,การแต่งงาน (แต่งงาน)
月曜日,げつようび,Monday,Genki Genki_Ln.4 JLPT JLPT_3 JLPT_5 JLPT_N5,py]#+qmS;#,วันจันทร์
玄関,げんかん,entrance (to a house or a building),Intermediate_Japanese Intermediate_Japanese_Ln.5 JLPT JLPT_4 JLPT_5 JLPT_N5,nzna3U1d%4,ทางเข้า (บ้านหรืออาคาร)
元気,げんき,"health(y), energetic",JLPT JLPT_5 JLPT_N5,C6oDoveAM%,สุขภาพดี กระฉับกระเฉง
～個,～こ,"counter for small items (e.g., fruits, cups)",JLPT JLPT_2 JLPT_5 JLPT_N5,"L)v,!KJ|+1",ช่องสำหรับวางสิ่งของขนาดเล็ก (เช่น ผลไม้ ถ้วย)
五,ご,five,JLPT JLPT_3 JLPT_5 JLPT_N5,CPX]&C<[AA,ห้า
～語,～ご,"word, language",JLPT JLPT_5 JLPT_N5,OS-NJNma:q,คำ ภาษา
公園,こうえん,a park,Genki Genki_Ln.4 JLPT JLPT_3 JLPT_5 JLPT_N5,"I!nU=ub,Sv",สวนสาธารณะ
交差点,こうさてん,intersection,JLPT JLPT_5 JLPT_N5,fB2Ek#M/vd,จุดตัด
紅茶,こうちゃ,black tea,Genki Genki_Ln.13 JLPT JLPT_5 JLPT_N5,k->[;qN`>7,ชาดำ
交番,こうばん,police box,JLPT JLPT_5 JLPT_N5,Opg/[%q+N8,ตู้ตำรวจ
声,こえ,voice,Intermediate_Japanese Intermediate_Japanese_Ln.2 JLPT JLPT_5 JLPT_N5,In/Jo>[]?<,เสียง
コート,コート,"coat; court (e.g., tennis)",JLPT JLPT_5 JLPT_N5,"e4scbA,t~J",เสื้อโค้ท; สนาม (เช่น สนามเทนนิส)
コーヒー,コーヒー,coffee,Genki Genki_Ln.3 JLPT JLPT_5 JLPT_N5,d<P1^SSa-:,กาแฟ
ここ,ここ,"here, this place",Genki Genki_Ln.4 JLPT JLPT_3 JLPT_5 JLPT_N5,Lq)wtpkam*,ที่นี่ สถานที่แห่งนี้
午後,ごご,"afternoon, P.M.",Genki Genki_Ln.1 JLPT JLPT_5 JLPT_N5,C_ZC&#?>G!,"บ่าย, P.M."
九日,ここのか,nine days; ninth day of the month,Genki Genki_Ln.13 JLPT JLPT_5 JLPT_N5,l7hYJ[~^44,เก้าวัน; วันที่เก้าของเดือน
九つ,ここのつ,nine things,Genki Genki_Ln.9 JLPT JLPT_5 JLPT_N5,DvF}1X8pH=,เก้าสิ่ง
午前,ごぜん,"morning, A.M.",Genki Genki_Ln.1 JLPT JLPT_5 JLPT_N5,ue~BwANA9n,"ตอนเช้า, A.M."
答える,こたえる,"to answer, to reply",JLPT JLPT_5 JLPT_N5,x<$h-)|1km,เพื่อตอบ เพื่อตอบกลับ
こちら,こちら,this person (polite); this way (polite),Genki Genki_Ln.11 Genki_Ln.19 JLPT JLPT_5 JLPT_N5,A^:pzWeFGD,บุคคลนี้ (สุภาพ); ทางนี้ (สุภาพ)
こっち,こっち,this person; this direction; this side,JLPT JLPT_4 JLPT_5 JLPT_N5,KZ(~KRGBCG,บุคคลนี้; ทิศทางนี้; ด้านนี้
コップ,コップ,a tumbler; a glass,Genki Genki_Ln.14 JLPT JLPT_5 JLPT_N5,fS_r5k@$Y6,แก้วน้ำ; แก้ว
今年,ことし,this year,Genki Genki_Ln.10 JLPT JLPT_5 JLPT_N5,F4V9w7@Age,ปีนี้
言葉,ことば,language; word(s); expression(s),Genki Genki_Ln.13 Intermediate_Japanese Intermediate_Japanese_Ln.2 JLPT JLPT_5 JLPT_N5,EWtR7eO/R4,ภาษา; คำ; สำนวน
子供,こども,child(ren),Genki Genki_Ln.4 Intermediate_Japanese Intermediate_Japanese_Ln.2 JLPT JLPT_5 JLPT_N5,CU[{wZ(D{$,เด็ก)
この,この,this,JLPT JLPT_3 JLPT_5 JLPT_N5,pPsd:zD9O?,นี้
御飯,ごはん,rice (cooked); meal,Genki Genki_Ln.4 JLPT JLPT_5 JLPT_N5,biiyLkNokP,ข้าว (หุงสุก); มื้ออาหาร
コピーする,コピーする,to copy,JLPT JLPT_3 JLPT_5 JLPT_N5,pIfdJ-gQ=x,เพื่อคัดลอก
困る,こまる,"to be bothered, to have difficulty",Genki Genki_Ln.16 JLPT JLPT_5 JLPT_N5,QJ1l#P3oS5,รู้สึกรำคาญ มีความยากลำบาก
これ,これ,this one,Genki Genki_Ln.2 JLPT JLPT_5 JLPT_N5,CY7%/#&PC;,อันนี้
～ころ; ～ごろ,～ころ; ～ごろ,"about, toward, approximately (time)",JLPT JLPT_5 JLPT_N5,ygFZGug3gm,"เกี่ยวกับ, ไปทาง, ประมาณ (เวลา)"
今月,こんげつ,this month,Genki Genki_Ln.8 JLPT JLPT_5 JLPT_N5,m1R02~~j[,เดือนนี้
今週,こんしゅう,this week,Genki Genki_Ln.6 JLPT JLPT_5 JLPT_N5,DK9g?(!36`,สัปดาห์นี้
こんな,こんな,"such, like this",JLPT JLPT_5 JLPT_N5,DuEU98EMih,เช่นนี้
今晩,こんばん,"tonight, this evening",Genki Genki_Ln.3 Intermediate_Japanese Intermediate_Japanese_Ln.1 JLPT JLPT_5 JLPT_N5,F3};?W>+5Y,คืนนี้ ช่วงเย็นนี้
さあ,さあ,"come now, well",JLPT JLPT_5 JLPT_N5,Ag`@=t><OI,เอาล่ะ มาเลย
～歳,～さい,~ years old,JLPT JLPT_2 JLPT_5 JLPT_N5,yIt4LQzbb!,อายุ ~ ปี
財布,さいふ,wallet,Genki Genki_Ln.2 Intermediate_Japanese Intermediate_Japanese_Ln.4 JLPT JLPT_5 JLPT_N5,xwbRMO4c<;,กระเป๋าสตางค์
魚,さかな,fish,Genki Genki_Ln.2 JLPT JLPT_5 JLPT_N5,zzI@?Uq@Z[,ปลา
先,さき,"future; recent, previous",JLPT JLPT_5 JLPT_N5,tGm0X7=@hF,"อนาคต; ล่าสุด, ก่อนหน้า"
咲く,さく,to bloom,Genki Genki_Ln.18 JLPT JLPT_3 JLPT_5 JLPT_N5,F>Pt~gStbR,เพื่อเบ่งบาน
作文,さくぶん,essay; composition,Genki Genki_Ln.9 JLPT JLPT_5 JLPT_N5,fOn$od$Eoc,เรียงความ; การเรียบเรียง
差す,さす,"to raise (stretch out) hands, to raise (e.g., umbrella)",JLPT JLPT_3 JLPT_5 JLPT_N5,b|c|&{UKxH,"ยกมือขึ้น (เหยียดออก), ยก (เช่น ร่ม) ขึ้น"
～冊,～さつ,counter for books,JLPT JLPT_5 JLPT_N5,DJ:3n{-XN%,เคาน์เตอร์สำหรับหนังสือ
雑誌,ざっし,"magazine, journal",Genki Genki_Ln.3 Intermediate_Japanese Intermediate_Japanese_Ln.8 JLPT JLPT_5 JLPT_N5,gVzfIhXfBF,"นิตยสาร, วารสาร"
砂糖,さとう,sugar,Genki Genki_Ln.16 JLPT JLPT_5 JLPT_N5,M]8mQGX#}E,น้ำตาล
寒い,さむい,cold (in reference to weather),Genki Genki_Ln.5 Intermediate_Japanese Intermediate_Japanese_Ln.2 JLPT JLPT_5 JLPT_N5,x@[mMxA?Z},หนาว (ในความหมายของสภาพอากาศ)
さ来年,さらいねん,year after next,JLPT JLPT_5 JLPT_N5,C4/Z2oi:V>,ปีแล้วปีเล่า
～さん,～さん,"Mr. ~, Ms. ~",JLPT JLPT_2 JLPT_5 JLPT_N5,i|L#.MVmNG,"นาย ~, นางสาว ~"
三,さん,three,JLPT JLPT_5 JLPT_N5,jB}%X}YQ)P,สาม
散歩,さんぽ (する),"walk, stroll",JLPT JLPT_3 JLPT_5 JLPT_N5,C7E%FY>8|T,"เดิน, เดินเล่น"
四,し,four,JLPT JLPT_3 JLPT_5 JLPT_N5,q%G#*K^0R+,สี่
～時,～じ,~ o'clock (time),JLPT JLPT_1 JLPT_5 JLPT_N5,m]7PVW-h[^,~ นาฬิกา (เวลา)
塩,しお,salt,JLPT JLPT_5 JLPT_N5,mQXb>=tTk},เกลือ
しかし,しかし,however; but,Intermediate_Japanese Intermediate_Japanese_Ln.3 JLPT JLPT_5 JLPT_N5,g2(en9wt=#,อย่างไรก็ตาม แต่
時間,じかん,time,Genki Genki_Ln.14 JLPT JLPT_2 JLPT_5 JLPT_N5,rl<d#jP#zf,เวลา
～時間,～じかん,~ hours,JLPT JLPT_5 JLPT_N5,PfD-$$uDhD,~ ชั่วโมง
仕事,しごと,"work, job, occupation, employment",Genki Genki_Ln.1 Genki_Ln.8 JLPT JLPT_5 JLPT_N5,BpR$XStq*~,"งาน, อาชีพ, การจ้างงาน"
辞書,じしょ,dictionary,Genki Genki_Ln.2 JLPT JLPT_5 JLPT_N5,Ls?+XP<x!7,พจนานุกรม
静か,しずか,"quiet, calm",JLPT JLPT_5 JLPT_N5,P>BDZl[pK4,เงียบสงบ
下,した,"under, below, beneath",JLPT JLPT_3 JLPT_5 JLPT_N5,j8V7%&V*V9,"ใต้, ข้างล่าง, ใต้"
七,しち,seven,JLPT JLPT_3 JLPT_5 JLPT_N5,d9Ei.i(]l3,เจ็ด
質問,しつもん,"question, inquiry",Intermediate_Japanese Intermediate_Japanese_Ln.2 JLPT JLPT_5 JLPT_N5,hbG&tzjk([,คำถาม การสอบถาม
自転車,じてんしゃ,bicycle,Genki Genki_Ln.2 JLPT JLPT_5 JLPT_N5,cQ/jE!IBMW,จักรยาน
自動車,じどうしゃ,automobile,JLPT JLPT_5 JLPT_N5,s>B81r@vvP,รถยนต์
死ぬ,しぬ,to die,Genki Genki_Ln.6 JLPT JLPT_5 JLPT_N5,DTv8zMSE:A,ตาย
字引,じびき,dictionary,JLPT JLPT_5 JLPT_N5,"q(KV,tLbs@",พจนานุกรม
自分,じぶん,"myself, oneself",Genki Genki_Ln.17 Intermediate_Japanese Intermediate_Japanese_Ln.1 JLPT JLPT_5 JLPT_N5,PVgO:!yY%&,ตัวฉันเอง
閉まる,しまる,"to close, to be closed",JLPT JLPT_5 JLPT_N5,gcQz%z-FEM,"ปิด, จะถูกปิด"
閉める,しめる,"to close, to shut",JLPT JLPT_3 JLPT_5 JLPT_N5,gf.^6?5[K1,"ปิด, ยุติ"
締める,しめる,"to tie, to fasten, to tighten",JLPT JLPT_3 JLPT_5 JLPT_N5,zslBUbe/:),"ผูก, รัด, ทำให้แน่น"
じゃ; じゃあ,じゃ; じゃあ,"well, well then",JLPT JLPT_3 JLPT_5 JLPT_N5,I*;H$6{i?j,เอาล่ะ เอาล่ะ งั้นก็...
写真,しゃしん,a picture; a photograph,Genki Genki_Ln.4 Intermediate_Japanese Intermediate_Japanese_Ln.4 JLPT JLPT_5 JLPT_N5,uE&XA7mYm9,รูปภาพ; ภาพถ่าย
シャツ,シャツ,shirt,Genki Genki_Ln.10 JLPT JLPT_5 JLPT_N5,ubVcrQ$8%@,เสื้อ
シャワー,シャワー,shower,JLPT JLPT_5 JLPT_N5,op46S^HFU7,อาบน้ำ
十,じゅう,ten,JLPT JLPT_3 JLPT_5 JLPT_N5,t#RE}A*?;i,สิบ
～中,～じゅう,"during, while",JLPT JLPT_2 JLPT_5 JLPT_N5,GjJjAMMc<N,"ระหว่าง, ขณะที่"
～週間,～しゅうかん,~ weeks,JLPT JLPT_5 JLPT_N5,B5/n=cEC&j,~ สัปดาห์
授業,じゅぎょう,a class (of school),Genki Genki_Ln.11 Intermediate_Japanese Intermediate_Japanese_Ln.3 JLPT JLPT_2 JLPT_5 JLPT_N5,In^9^.q{~0,ชั้นเรียน (ของโรงเรียน)
宿題,しゅくだい,homework,Genki Genki_Ln.5 Intermediate_Japanese Intermediate_Japanese_Ln.1 JLPT JLPT_5 JLPT_N5,PE;OT+iIoY,การบ้าน
上手,じょうず,"be good at, skillful",JLPT JLPT_5 JLPT_N5,zE7uPe$TPk,เก่ง มีทักษะ
丈夫,じょうぶ,"strong, solid, durable",JLPT JLPT_5 JLPT_N5,"rzxPYrs,=L",แข็งแรง ทนทาน
醤油,しょうゆ,soy sauce,Genki Genki_Ln.18 JLPT JLPT_5 JLPT_N5,Cx=6Q3yGAf,ซอสถั่วเหลือง
食堂,しょくどう,"cafeteria, dining hall",Genki Genki_Ln.7 JLPT JLPT_5 JLPT_N5,q/e+PknS.X,"โรงอาหาร, ห้องรับประทานอาหาร"
知る,しる,"to know, to understand",Genki Genki_Ln.7 JLPT JLPT_5 JLPT_N5,jmoS>4h`&Q,เพื่อที่จะรู้ เพื่อที่จะเข้าใจ
白,しろ,white,JLPT JLPT_3 JLPT_5 JLPT_N5,?4vV_taj),สีขาว
白い,しろい,white,Genki Genki_Ln.9 JLPT JLPT_5 JLPT_N5,yL-#%FMe~@,สีขาว
～人,～じん,counter for people,JLPT JLPT_5 JLPT_N5,cRB`piJTT=,เคาน์เตอร์สำหรับคน
新聞,しんぶん,newspaper,Genki Genki_Ln.2 JLPT JLPT_5 JLPT_N5,u)<uacY_Qa,หนังสือพิมพ์
水曜日,すいようび,Wednesday,Genki Genki_Ln.4 JLPT JLPT_5 JLPT_N5,kl%)(*`5]a,วันพุธ
吸う,すう,"to breathe in, to suck",JLPT JLPT_3 JLPT_5 JLPT_N5,wwi3CXCv2|,"หายใจเข้า, ดูด"
スカート,スカート,skirt,Genki Genki_Ln.18 JLPT JLPT_5 JLPT_N5,NE$eFg+K&Y,กระโปรง
好き,すき,"liking, fondness, love",JLPT JLPT_5 JLPT_N5,B}kz{&9>=0,ความชอบ ความชื่นชอบ ความรัก
～すぎ,～すぎ,"past; to exceed, ~ too much",JLPT JLPT_5 JLPT_N5,D/A*oT1;-^,ในอดีต; เกินกว่า ~ มากเกินไป
少ない,すくない,a little; a few,Genki Genki_Ln.17 JLPT JLPT_5 JLPT_N5,O}E#|bt5>=,เล็กน้อย; สองสาม
すぐに,すぐに,"immediately, soon",JLPT JLPT_5 JLPT_N5,c+_z#9>We^,ทันที เร็วๆ นี้
少し,すこし,"little, few",Genki Genki_Ln.21 JLPT JLPT_5 JLPT_N5,LEWblI/l<),เล็กน้อย น้อยนิด
涼しい,すずしい,"cool, refreshing (in reference to weather)",Genki Genki_Ln.10 JLPT JLPT_5 JLPT_N5,y%0&)B2:*;,เย็นสบาย สดชื่น (ในบริบทของสภาพอากาศ)
～ずつ,～ずつ,at a time,JLPT JLPT_5 JLPT_N5,e7*dq)(1^5,ครั้งละหนึ่ง
ストーブ,ストーブ,heater (lit: stove),Genki Genki_Ln.17 JLPT JLPT_5 JLPT_N5,xw_f78(-:7,เครื่องทำความร้อน (ใช้คำว่า: เตา)
スプーン,スプーン,spoon,JLPT JLPT_5 JLPT_N5,FjQLk(n?P#,ช้อน
スポーツ,スポーツ,sport(s),Genki Genki_Ln.3 JLPT JLPT_5 JLPT_N5,F^wO!?E%?^,กีฬา
ズボン,ズボン,trousers,JLPT JLPT_5 JLPT_N5,"FU-<z{1,6(",กางเกงขายาว
住む,すむ,"to reside, to live in",JLPT JLPT_3 JLPT_5 JLPT_N5,ym>?}%jeF+,"อาศัยอยู่, อยู่ใน"
する,する,"to do, to try; to wear small items (e.g., necktie, watch, etc.)",Genki Genki_Ln.17 JLPT JLPT_3 JLPT_5 JLPT_N5,"LT|A_z,G+T","ทำ, ลอง; สวมใส่สิ่งของชิ้นเล็กๆ (เช่น เนคไท นาฬิกา เป็นต้น)"
座る,すわる,to sit,JLPT JLPT_5 JLPT_N5,dn)bcr6wXa,นั่ง
背,せい,"(one's) height, stature",Intermediate_Japanese Intermediate_Japanese_Ln.4 JLPT JLPT_3 JLPT_5 JLPT_N5,xQDy{9R)S2,"ส่วนสูง, รูปร่าง"
生徒,せいと,student; pupil,Intermediate_Japanese Intermediate_Japanese_Ln.5 JLPT JLPT_5 JLPT_N5,c2wTXo?)*o,นักเรียน; นักศึกษา
セーター,セーター,sweater,Genki Genki_Ln.13 JLPT JLPT_5 JLPT_N5,NSeOhKH2D6,เสื้อกันหนาว
石鹸,せっけん,soap,JLPT JLPT_5 JLPT_N5,tY/1~r6Mz5,สบู่
背広,せびろ,men's suit,Intermediate_Japanese Intermediate_Japanese_Ln.9 JLPT JLPT_5 JLPT_N5,w`:i7/YHYU,ชุดสูทผู้ชาย
狭い,せまい,narrow; not spacious,Genki Genki_Ln.12 Intermediate_Japanese Intermediate_Japanese_Ln.15 JLPT JLPT_5 JLPT_N5,yDZurM]5mn,แคบ ไม่กว้างขวาง
ゼロ,ゼロ,zero,JLPT JLPT_5 JLPT_N5,G~4~zg|xJJ,ศูนย์
千,せん,thousand,JLPT JLPT_5 JLPT_N5,IvU;IZmo9!,พัน
先月,せんげつ,last month,Genki Genki_Ln.9 Intermediate_Japanese Intermediate_Japanese_Ln.1 JLPT JLPT_5 JLPT_N5,RcD!zS6[>I,เดือนที่แล้ว
先週,せんしゅう,last week,Genki Genki_Ln.4 JLPT JLPT_5 JLPT_N5,EbyugR;^Rz,สัปดาห์ที่แล้ว
先生,せんせい,"teacher, professor; master; doctor",Genki Genki_Ln.1 JLPT JLPT_5 JLPT_N5,A`19t`6J6t,ครู อาจารย์ ศาสตราจารย์ ผู้เชี่ยวชาญ ด็อกเตอร์
洗濯,せんたく,"washing, laundry",Intermediate_Japanese Intermediate_Japanese_Ln.11 JLPT JLPT_3 JLPT_5 JLPT_N5,vQ&mbAJqN7,"การซัก, การซักผ้า"
全部,ぜんぶ,"all, entire, whole",Genki Genki_Ln.13 Intermediate_Japanese Intermediate_Japanese_Ln.3 JLPT JLPT_5 JLPT_N5,MgJu@!Fk&_,"ทั้งหมด, ทั้งหมด, ทั้งหมด"
そう; そうです,そう; そうです,"yes; appears, to be the case",JLPT JLPT_5 JLPT_N5,kkfDg[|_Yb,ใช่ ดูเหมือนจะเป็นเช่นนั้น
掃除,そうじ (する),"cleaning, sweeping",JLPT JLPT_3 JLPT_5 JLPT_N5,LKKhbs9g8/,การทำความสะอาด การกวาด
そうして; そして,そうして; そして,"and, like that",JLPT JLPT_5 JLPT_N5,C/Lx0#`!+J,และเช่นนั้น
そこ,そこ,"that place, there; bottom, sole",Genki Genki_Ln.4 JLPT JLPT_2 JLPT_3 JLPT_5 JLPT_N5,v56KFY.>v@,"ณ ที่นั้น ที่นั่น; ด้านล่าง, พื้น"
そちら,そちら,over there,JLPT JLPT_5 JLPT_N5,xbjis~A;+*,ตรงนั้น
そっち,そっち,over there,JLPT JLPT_5 JLPT_N5,#PXdxM^5L,ตรงนั้น
外,そと,"outside, exterior",Genki Genki_Ln.18 Intermediate_Japanese Intermediate_Japanese_Ln.2 JLPT JLPT_5 JLPT_N5,AFB3>g85F],ภายนอก
その,その,that,JLPT JLPT_3 JLPT_5 JLPT_N5,C2OIF=[)E_,ที่
そば,そば,"near, close, beside; Japanese traditional buckwheat noodle",Genki Genki_Ln.15 JLPT JLPT_3 JLPT_5 JLPT_N5,M)]t*`<F@c,"ใกล้, ชิด, ข้างๆ; บะหมี่บัควีทแบบดั้งเดิมของญี่ปุ่น"
空,そら,sky,JLPT JLPT_5 JLPT_N5,D.6b;1{88^,ท้องฟ้า
それ,それ,that one,Genki Genki_Ln.2 JLPT JLPT_3 JLPT_5 JLPT_N5,t%n)3@@XX+,อันนั้น
それから,それから,"and then, after that",Intermediate_Japanese Intermediate_Japanese_Ln.1 JLPT JLPT_5 JLPT_N5,sV(hn]KLzr,แล้วหลังจากนั้น
それでは,それでは,"in that situation, well then...",JLPT JLPT_5 JLPT_N5,"v[]T|jw&,[",ในสถานการณ์แบบนั้น ก็คงต้องยอมรับว่า...
～台,～だい,counter for vehicles; machines,JLPT JLPT_5 JLPT_N5,ztM0ejgNN~,เครื่องนับจำนวนยานพาหนะ; เครื่องจักร
大学,だいがく,college; university,Genki Genki_Ln.1 JLPT JLPT_5 JLPT_N5,kHyc<WfmUQ,วิทยาลัย; มหาวิทยาลัย
大使館,たいしかん,embassy,JLPT JLPT_5 JLPT_N5,"n?Lz{tQ,#T",สถานทูต
大丈夫,だいじょうぶ,It's ok (all right); No need to worry; Everything is under control,Genki Genki_Ln.5 Intermediate_Japanese Intermediate_Japanese_Ln.3 JLPT JLPT_5 JLPT_N5,nEIlSJfx#r,ไม่เป็นไร (เรียบร้อยดี); ไม่ต้องกังวล; ทุกอย่างอยู่ภายใต้การควบคุม
大好き,だいすき,"very like-able, like very much",JLPT JLPT_5 JLPT_N5,"AZ,CM~A,0E",น่ารักมาก ชอบมาก ๆ
大切,たいせつ,important,JLPT JLPT_5 JLPT_N5,tu70?MYeL5,สำคัญ
台所,だいどころ,kitchen,JLPT JLPT_5 JLPT_N5,bbB25MOf:$,ครัว
大変,たいへん,"very; difficult, hard",JLPT JLPT_3 JLPT_5 JLPT_N5,NIbD<|-[1y,ยากมาก ลำบาก
高い,たかい,"tall, high; expensive",Genki Genki_Ln.2 JLPT JLPT_5 JLPT_N5,veG&GbRNS(,สูง แพง
～だけ,～だけ,"only ~, just ~, as ~",JLPT JLPT_1 JLPT_5 JLPT_N5,Lcbr*3r3b5,"เพียงแค่ ~, แค่ ~, เหมือนกับ ~"
沢山,たくさん,"many, much",JLPT JLPT_5 JLPT_N5,v7m[:9zL*Y,มากมาย มาก
タクシー,タクシー,taxi,JLPT JLPT_5 JLPT_N5,k8!n/<-@<9,แท็กซี่
出す,だす,to take (something) out; to hand in (something),Genki Genki_Ln.16 JLPT JLPT_5 JLPT_N5,bt0(EU(<V_,นำ (บางสิ่ง) ออกมา; ส่งมอบ (บางสิ่ง)
～たち,～たち,plural suffix,JLPT JLPT_5 JLPT_N5,Opbd!87m@p,คำต่อท้ายพหูพจน์
立つ,たつ,to stand up,Genki Genki_Ln.6 JLPT JLPT_3 JLPT_5 JLPT_N5,z+IsiLqO4K,ลุกขึ้นยืน
たて,たて,"length, height",JLPT JLPT_3 JLPT_5 JLPT_N5,L8wVt#MfRS,ความยาว ความสูง
建物,たてもの,building,Intermediate_Japanese Intermediate_Japanese_Ln.5 JLPT JLPT_5 JLPT_N5,mty2M&KETp,อาคาร
楽しい,たのしい,"enjoyable, fun",Genki Genki_Ln.5 JLPT JLPT_5 JLPT_N5,eD~FeZpJXC,สนุกสนาน น่าเพลิดเพลิน
頼む,たのむ,"to request, to ask (a favor)",Genki Genki_Ln.18 Intermediate_Japanese Intermediate_Japanese_Ln.3 JLPT JLPT_5 JLPT_N5,zjk+2%xAp%,"ขอร้อง, ขอความช่วยเหลือ"
たばこ,たばこ,"tobacco, cigarettes",JLPT JLPT_5 JLPT_N5,y<?W4xcfCN,ยาสูบ บุหรี่
多分,たぶん,"perhaps, probably, maybe",Genki Genki_Ln.12 Intermediate_Japanese Intermediate_Japanese_Ln.2 JLPT JLPT_3 JLPT_5 JLPT_N5,pNDK+)ARo,บางที อาจจะ น่าจะ หรืออาจจะ
食べ物,たべもの,food,Genki Genki_Ln.5 JLPT JLPT_5 JLPT_N5,ODKLC3jdI>,อาหาร
食べる,たべる,to eat,JLPT JLPT_5 JLPT_N5,c.+pIV(7xY,กิน
卵,たまご,egg,Intermediate_Japanese Intermediate_Japanese_Ln.6 JLPT JLPT_5 JLPT_N5,c|(S)f_).K,ไข่
誰,だれ,who,Genki Genki_Ln.2 JLPT JLPT_5 JLPT_N5,gDqm6J+#/O,WHO
誰か,だれか,someone,JLPT JLPT_3 JLPT_5 JLPT_N5,K{JPl*mB/&,บางคน
誕生日,たんじょうび,birthday,Genki Genki_Ln.5 JLPT JLPT_5 JLPT_N5,HV8#h@HniT,วันเกิด
段々,だんだん,"gradually, by degrees",JLPT JLPT_5 JLPT_N5,O8dRR}CL>,ทีละน้อย ทีละขั้น
小さい,ちいさい,"small, little",Genki Genki_Ln.5 JLPT JLPT_5 JLPT_N5,LNu9:vy!G1,เล็ก ๆ
小さな,ちいさな,"small, little",JLPT JLPT_5 JLPT_N5,lc*~Cd~D@4,เล็ก ๆ
近い,ちかい,"near, close by, short",Genki Genki_Ln.13 JLPT JLPT_5 JLPT_N5,"ttC.1]n,0|","ใกล้ๆ, บริเวณใกล้เคียง, ระยะสั้น"
違う,ちがう,to be different; to differ; wrong,Genki Genki_Ln.23 Intermediate_Japanese Intermediate_Japanese_Ln.1 JLPT JLPT_5 JLPT_N5,N2Hj9)qK/l,แตกต่าง; ต่างกัน; ผิด
近く,ちかく,nearby; in the neighborhood,Intermediate_Japanese Intermediate_Japanese_Ln.1 JLPT JLPT_5 JLPT_N5,y)Y*_^+)&<,ใกล้เคียง; ในละแวกนั้น
地下鉄,ちかてつ,"underground train, subway",Genki Genki_Ln.10 JLPT JLPT_5 JLPT_N5,MEsyrZ*cPc,รถไฟใต้ดิน
地図,ちず,a map,Genki Genki_Ln.15 Intermediate_Japanese Intermediate_Japanese_Ln.12 JLPT JLPT_5 JLPT_N5,dhY*~Tx!fs,แผนที่
父,ちち,(my) father,Genki Genki_Ln.7 JLPT JLPT_5 JLPT_N5,QKI#T(oT`t,พ่อของฉัน
茶色,ちゃいろ,brown,JLPT JLPT_5 JLPT_N5,h<Se0W>cwB,สีน้ำตาล
茶碗,ちゃわん,rice bowl,JLPT JLPT_5 JLPT_N5,p6c8>jnMm!,ชามข้าว
～中,～ちゅう,"during, while ~ing",JLPT JLPT_5 JLPT_N5,J]E)zcwU%w,"ระหว่าง, ขณะที่ ~"
丁度,ちょうど,"just, right, exactly",JLPT JLPT_5 JLPT_N5,K@fxH}$AC8,พอดี ถูกต้อง เป๊ะเลย
ちょっと,ちょっと,"a little, somewhat; just a little, somewhat",Genki Genki_Ln.3 JLPT JLPT_2 JLPT_5 JLPT_N5,j)OcO!#[%u,"เล็กน้อย, ประมาณนั้น; แค่เล็กน้อย, ประมาณนั้น"
一日,ついたち,one day; first day of the month,JLPT JLPT_5 JLPT_N5,qK&D4iveg,หนึ่งวัน; วันแรกของเดือน
使う,つかう,to use,JLPT JLPT_5 JLPT_N5,B(Ve/L8[z5,เพื่อใช้
疲れる,つかれる,to get (become) tired; to become fatigued,Genki Genki_Ln.11 Intermediate_Japanese Intermediate_Japanese_Ln.10 JLPT JLPT_5 JLPT_N5,Oil7l6nt$n,รู้สึกเหนื่อย; รู้สึกอ่อนเพลีย
次,つぎ,next,Genki Genki_Ln.6 JLPT JLPT_5 JLPT_N5,IPls}w5_e-,ต่อไป
着く,つく,"to arrive at, to reach",JLPT JLPT_3 JLPT_5 JLPT_N5,hc-pfPX>PQ,"มาถึง, ไปถึง"
机,つくえ,desk,Genki Genki_Ln.4 Intermediate_Japanese Intermediate_Japanese_Ln.10 JLPT JLPT_5 JLPT_N5,G!9kEn9Y>c,โต๊ะ
作る,つくる,"to make, to create",Genki Genki_Ln.8 JLPT JLPT_5 JLPT_N5,dlanfH_M#M,"เพื่อสร้าง, เพื่อสร้างสรรค์"
つける,つける,"to turn on (e.g., a light); to take",JLPT JLPT_3 JLPT_4 JLPT_5 JLPT_N5,o}z*=/A8o~,เปิดใช้งาน (เช่น ไฟ); หยิบ
勤める,つとめる,to work (for),JLPT JLPT_5 JLPT_N5,xKU$$gsQPF,ทำงาน (ให้กับ)
つまらない,つまらない,"boring, dull; insignificant",Genki Genki_Ln.5 JLPT JLPT_5 JLPT_N5,HL~a;+T`kY,"น่าเบื่อ, จืดชืด; ไม่สำคัญ"
冷たい,つめたい,"cold (things, people)",Genki Genki_Ln.10 JLPT JLPT_5 JLPT_N5,v8vDEW[6Rh,"หนาว (สิ่งของ, ผู้คน)"
強い,つよい,"strong, powerful",Genki Genki_Ln.17 Intermediate_Japanese Intermediate_Japanese_Ln.13 JLPT JLPT_5 JLPT_N5,d[wde~o@q(,แข็งแกร่ง ทรงพลัง
手,て,hand,JLPT JLPT_5 JLPT_N5,CAHcCP96BY,มือ
テープ,テープ,tape,Genki Genki_Ln.2 JLPT JLPT_5 JLPT_N5,"H|,pBh(;BD",เทป
テープレコーダー,テープレコーダー,tape recorder,JLPT JLPT_5 JLPT_N5,izd^3[1~Pe,เครื่องบันทึกเทป
テーブル,テーブル,table,JLPT JLPT_5 JLPT_N5,n-.M5OZr5!,โต๊ะ
出かける,でかける,to go out; to depart,Genki Genki_Ln.5 JLPT JLPT_5 JLPT_N5,Fx}b2N2gun,ออกไปข้างนอก; ออกเดินทาง
手紙,てがみ,letter,Genki Genki_Ln.4 JLPT JLPT_5 JLPT_N5,M#PC#!OTka,จดหมาย
できる,できる,to be able to (to accomplish),JLPT JLPT_3 JLPT_4 JLPT_5 JLPT_N5,vB~NGv+*>H,เพื่อให้สามารถ (บรรลุผลสำเร็จ)
出口,でぐち,an exit,Intermediate_Japanese Intermediate_Japanese_Ln.7 JLPT JLPT_5 JLPT_N5,sv__368x5>,ทางออก
テスト,テスト,test,Genki Genki_Ln.5 JLPT JLPT_5 JLPT_N5,Lhy<!{J6SG,ทดสอบ
では,では,"then, well, so",JLPT JLPT_3 JLPT_5 JLPT_N5,NY{|SsdlKz,งั้นก็...
デパート,デパート,(abbr.) department store,Genki Genki_Ln.4 JLPT JLPT_5 JLPT_N5,rd.b%pP~B0,ห้างสรรพสินค้า (ย่อ)
でも,でも,"but, however",JLPT JLPT_3 JLPT_5 JLPT_N5,izQ~3T7Pp},แต่อย่างไรก็ตาม
出る,でる,"to appear, to leave",JLPT JLPT_5 JLPT_N5,A23ctPX1n^,"ปรากฏตัว, จากไป"
テレビ,テレビ,"television, TV",Genki Genki_Ln.3 JLPT JLPT_5 JLPT_N5,pQXZQB+G|d,"โทรทัศน์, ทีวี"
天気,てんき,weather,Genki Genki_Ln.5 JLPT JLPT_5 JLPT_N5,vm1l+4c[9,สภาพอากาศ
電気,でんき,"electricity, (electric) light",Genki Genki_Ln.6 JLPT JLPT_5 JLPT_N5,HsW5jIb;SC,"ไฟฟ้า, (แสงไฟฟ้า)"
電車,でんしゃ,electric train,Genki Genki_Ln.6 JLPT JLPT_5 JLPT_N5,e?+NxLTOv,รถไฟไฟฟ้า
電話,でんわ,a telephone,Genki Genki_Ln.1 JLPT JLPT_5 JLPT_N5,"Q,geq&8^pJ",โทรศัพท์
戸,と,door (Japanese style),JLPT JLPT_5 JLPT_N5,o.K?EMap~;,ประตู (สไตล์ญี่ปุ่น)
～度,～ど,counter for occurrences; ~ degree; ~ point,JLPT JLPT_1 JLPT_5 JLPT_N5,K9|0UgYaJ_,ตัวนับจำนวนครั้งที่เกิดขึ้น; ~ ระดับ; ~ จุด
ドア,ドア,door (Western style),JLPT JLPT_5 JLPT_N5,l[rk}4@PVD,ประตู (แบบตะวันตก)
トイレ,トイレ,bathroom; toilet,Intermediate_Japanese Intermediate_Japanese_Ln.10 JLPT JLPT_5 JLPT_N5,hv_ThfFsjj,ห้องน้ำ; ห้องสุขา
どう,どう,"how, in what way",JLPT JLPT_5 JLPT_N5,FZt/a?Mnu^,อย่างไร ด้วยวิธีใด
どうして,どうして,"why, for what reason",Genki Genki_Ln.4 JLPT JLPT_5 JLPT_N5,s<(2V@f6ff,ทำไม ด้วยเหตุผลอะไร
どうぞ,どうぞ,"please, kindly, by all means",JLPT JLPT_5 JLPT_N5,CXiSJodxs@,โปรดกรุณาด้วยทุกวิถีทาง
動物,どうぶつ,animal,Intermediate_Japanese Intermediate_Japanese_Ln.10 JLPT JLPT_5 JLPT_N5,Q~mPY;2upw,สัตว์
どうも,どうも,Thank you; somehow; no matter how hard one may try,Genki Genki_Ln.2 Intermediate_Japanese Intermediate_Japanese_Ln.1 JLPT JLPT_5 JLPT_N5,"Maz]_B`w,4",ขอบคุณค่ะ ไม่ว่าจะพยายามมากแค่ไหนก็ตาม ขอบคุณค่ะ
十,(〜を) とお,ten (~),Genki Genki_Ln.9 JLPT JLPT_3 JLPT_5 JLPT_N5,BjWdBTc)9!,สิบ (~)
遠い,とおい,"far (away), distant",Genki Genki_Ln.21 JLPT JLPT_5 JLPT_N5,Jl9yYXnyJ<,"ไกล, ห่างไกล"
十日,とおか,ten days; tenth day of the month,Genki Genki_Ln.13 JLPT JLPT_5 JLPT_N5,g[CNT&GA2[,สิบวัน; วันที่สิบของเดือน
～時,～とき,at the time of ~,JLPT JLPT_3 JLPT_5 JLPT_N5,bGLp[lZC.;,ในช่วงเวลาของ ~
時々,ときどき,sometimes,Genki Genki_Ln.3 JLPT JLPT_5 JLPT_N5,s+W64X?THZ,บางครั้ง
時計,とけい,a watch; a clock,Genki Genki_Ln.2 Intermediate_Japanese Intermediate_Japanese_Ln.2 JLPT JLPT_5 JLPT_N5,u/fL<ne:Cb,นาฬิกาข้อมือ; นาฬิกาตั้งโต๊ะ
どこ,どこ,"where, what place",Genki Genki_Ln.2 JLPT JLPT_5 JLPT_N5,h_Fa6?Ps@9,ที่ไหน สถานที่ใด
所,ところ,place,Genki Genki_Ln.8 Intermediate_Japanese Intermediate_Japanese_Ln.1 JLPT JLPT_5 JLPT_N5,J`^6YmuA-0,สถานที่
年,とし,"year, age",JLPT JLPT_3 JLPT_5 JLPT_N5,N=hcG9wG3;,ปี อายุ
図書館,としょかん,library,Genki Genki_Ln.2 Intermediate_Japanese Intermediate_Japanese_Ln.5 JLPT JLPT_5 JLPT_N5,mp0X0~7Y`^,ห้องสมุด
どちら,どちら,which (one) (way); where (polite),Genki Genki_Ln.10 Genki_Ln.19 JLPT JLPT_5 JLPT_N5,pW(ud@AhIx,ซึ่ง (ทางหนึ่ง) (ทาง); ที่ไหน (อย่างสุภาพ)
どっち,どっち,"which one, which way",Genki Genki_Ln.10 JLPT JLPT_5 JLPT_N5,"PxI,t`JQ.N",อันไหน ทางไหน
とても,とても,"very (much), greatly, exceedingly",Genki Genki_Ln.5 Intermediate_Japanese Intermediate_Japanese_Ln.1 JLPT JLPT_3 JLPT_5 JLPT_N5,t]2-1h#)V/,"มาก, อย่างยิ่ง, อย่างเหลือล้น"
どなた,どなた,who,JLPT JLPT_5 JLPT_N5,Ll)TbcW$yb,WHO
隣,となり,"next to, next door to",Intermediate_Japanese Intermediate_Japanese_Ln.1 JLPT JLPT_5 JLPT_N5,GigT2yQ[2E,ข้างๆ ติดกัน
どの,どの,which,JLPT JLPT_5 JLPT_N5,H+g1ci<Mvc,ที่
飛ぶ,とぶ,"to fly, to hop",JLPT JLPT_5 JLPT_N5,wLF5gUV](>,"บิน, กระโดด"
止まる,とまる,to come to a halt,JLPT JLPT_5 JLPT_N5,Q+OrrzleWd,เพื่อหยุดลง
友達,ともだち,friend,Genki Genki_Ln.1 Intermediate_Japanese Intermediate_Japanese_Ln.1 JLPT JLPT_5 JLPT_N5,E)w$/p&I#O,เพื่อน
土曜日,どようび,Saturday,Genki Genki_Ln.3 JLPT JLPT_3 JLPT_5 JLPT_N5,Q%+.*M.E9m,วันเสาร์
鳥,とり,"chicken (lit., bird)",Intermediate_Japanese Intermediate_Japanese_Ln.6 JLPT JLPT_5 JLPT_N5,lc>;F##&%m,ไก่ (แปลตรงตัวว่า นก)
鶏肉,とりにく,chicken meat,JLPT JLPT_5 JLPT_N5,dL<c9&FvJF,เนื้อไก่
取る,とる,to take (a class); to get (a grade),Genki Genki_Ln.11 Intermediate_Japanese Intermediate_Japanese_Ln.1 JLPT JLPT_5 JLPT_N5,bLpD3ABv2g,เข้าเรียน (ในชั้นเรียน); ได้รับ (เกรด)
撮る,とる,"to take (a photo), to make (a film)",JLPT JLPT_5 JLPT_N5,w7O/i=vkEI,"ถ่ายรูป, ทำหนัง"
どれ,どれ,which one,Genki Genki_Ln.2 JLPT JLPT_3 JLPT_5 JLPT_N5,icGG-;4x}M,อันไหน
どんな,どんな,"what, what kind of",JLPT JLPT_3 JLPT_5 JLPT_N5,PZ~[>!hd8m,อะไรนะ แบบไหนกัน
ない,ない,"there isn't, doesn't have",JLPT JLPT_5 JLPT_N5,I08@<2+DPk,ไม่มี ไม่มี
ナイフ,ナイフ,knife,JLPT JLPT_5 JLPT_N5,domhg)5M&Q,มีด
中,なか,"inside, middle, among",JLPT JLPT_3 JLPT_5 JLPT_N5,rVjcK=lE15,"ภายใน, ตรงกลาง, ท่ามกลาง"
長い,ながい,"long, lengthy",Genki Genki_Ln.7 Intermediate_Japanese Intermediate_Japanese_Ln.4 JLPT JLPT_2 JLPT_5 JLPT_N5,EHO`14{d-(,ยาว ยาวนาน
鳴く,なく,to make sound (animal),JLPT JLPT_5 JLPT_N5,"ivpv*G,Zm%",ส่งเสียง (สัตว์)
無くす,なくす,to lose something,JLPT JLPT_3 JLPT_5 JLPT_N5,dteDI+R~`W,สูญเสียบางสิ่งไป
なぜ,なぜ,why (same as どうして),Genki Genki_Ln.19 JLPT JLPT_5 JLPT_N5,Cvs*YiG5BD,ทำไม (เหมือนกับ どうして)
夏,なつ,summer,Genki Genki_Ln.8 Intermediate_Japanese Intermediate_Japanese_Ln.4 JLPT JLPT_5 JLPT_N5,"P,[b8Eh|6R",ฤดูร้อน
夏休み,なつやすみ,summer vacation,JLPT JLPT_5 JLPT_N5,D=cA)b0@~(,วันหยุดฤดูร้อน
～など,～など,et cetera,JLPT JLPT_3 JLPT_5 JLPT_N5,"e(]O3py,;2",เป็นต้น
七つ,ななつ,seven things,Genki Genki_Ln.9 JLPT JLPT_3 JLPT_5 JLPT_N5,G25u:w`9Xu,เจ็ดสิ่ง
何,なん; なに,what,Genki Genki_Ln.1 JLPT JLPT_3 JLPT_5 JLPT_N5,g<hW@mElnM,อะไร
七日,なのか,seven days; seventh day (of the month),Genki Genki_Ln.13 JLPT JLPT_5 JLPT_N5,I|+G2AT>J],เจ็ดวัน; วันที่เจ็ด (ของเดือน)
名前,なまえ,name,Genki Genki_Ln.1 JLPT JLPT_5 JLPT_N5,e6o_CEx8)b,ชื่อ
習う,ならう,to learn,Genki Genki_Ln.11 JLPT JLPT_5 JLPT_N5,iV+xor)WZT,เพื่อเรียนรู้
並ぶ,ならぶ,"to line up, to stand in a line (v.i.)",Intermediate_Japanese Intermediate_Japanese_Ln.7 JLPT JLPT_5 JLPT_N5,nIHPO#>_}+,"เข้าแถว, ยืนเข้าแถว (กริยาไม่ต้องการกรรม)"
並べる,ならべる,to put (things) side by side; to line up,Intermediate_Japanese Intermediate_Japanese_Ln.15 JLPT JLPT_5 JLPT_N5,n!B94UfoT6,วาง (สิ่งของ) เคียงข้างกัน; จัดเรียงให้ตรงกัน
なる,なる,to become,Genki Genki_Ln.10 JLPT JLPT_3 JLPT_5 JLPT_N5,ukKTUxR2lk,เพื่อที่จะกลายเป็น
何～,なん～,what sort of ~,JLPT JLPT_5 JLPT_N5,C!@pB0L*^>,แบบไหนกันนะ ~
二,に,two,JLPT JLPT_5 JLPT_N5,uzD!:&B)8|,สอง
にぎやか,にぎやか,"bustling, busy",JLPT JLPT_5 JLPT_N5,cIb<bg#^)L,คึกคัก วุ่นวาย
肉,にく,meat,Genki Genki_Ln.2 JLPT JLPT_5 JLPT_N5,Go(gh2eIxK,เนื้อ
西,にし,west,JLPT JLPT_5 JLPT_N5,D!YA^58RBg,ตะวันตก
～日,～にち,"~ day of the month, for ~ days",JLPT JLPT_5 JLPT_N5,DbJ@Azg05L,~ วันของเดือน เป็นเวลา ~ วัน
日曜日,にちようび,Sunday,Genki Genki_Ln.3 JLPT JLPT_3 JLPT_5 JLPT_N5,XSi31p{-G,วันอาทิตย์
荷物,にもつ,luggage; baggage,Genki Genki_Ln.6 Intermediate_Japanese Intermediate_Japanese_Ln.6 JLPT JLPT_5 JLPT_N5,MH72iI!<]q,สัมภาระ; กระเป๋าเดินทาง
ニュース,ニュース,news,Genki Genki_Ln.17 JLPT JLPT_5 JLPT_N5,"iHtE.]1*,&",ข่าว
庭,にわ,garden,Genki Genki_Ln.15 JLPT JLPT_5 JLPT_N5,f&>q3YTU?H,สวน
～人,～にん,counter for people,JLPT JLPT_5 JLPT_N5,FNnJ8yNPin,เคาน์เตอร์สำหรับคน
脱ぐ,ぬぐ,to take off (clothes),Genki Genki_Ln.17 JLPT JLPT_5 JLPT_N5,cM_g)oAQIs,ถอด (เสื้อผ้า) ออก
温い,ぬるい,lukewarm,JLPT JLPT_3 JLPT_5 JLPT_N5,"gfQAF/k(q,",อุ่น
ネクタイ,ネクタイ,"tie, necktie",Genki Genki_Ln.14 JLPT JLPT_5 JLPT_N5,AQO{m&veen,เนคไท
猫,ねこ,cat,Genki Genki_Ln.4 JLPT JLPT_5 JLPT_N5,x^.ijbc4Mz,แมว
寝る,ねる,to sleep; to go to sleep; to go to bed,Genki Genki_Ln.3 Intermediate_Japanese Intermediate_Japanese_Ln.2 JLPT JLPT_5 JLPT_N5,PAI>}YTMT!,นอนหลับ; เข้านอน; เข้านอน
～年,～ねん,~ years,JLPT JLPT_5 JLPT_N5,"gYAXz}z6O,",~ ปี
ノート,ノート,notebook,Genki Genki_Ln.2 JLPT JLPT_5 JLPT_N5,Go~p$PSFcm,สมุดบันทึก
登る,のぼる,to climb,JLPT JLPT_3 JLPT_5 JLPT_N5,unM=ha?S3d,ปีนป่าย
飲み物,のみもの,"drink, beverage",Genki Genki_Ln.5 JLPT JLPT_5 JLPT_N5,"k?X,84{EZ8",เครื่องดื่ม
飲む,のむ,to drink,JLPT JLPT_5 JLPT_N5,C;cf;f4#r6,ดื่ม
乗る,のる,"to get on, to ride in, to board",JLPT JLPT_3 JLPT_5 JLPT_N5,J~ykS_Bo0m,"ขึ้นไป, โดยสาร, ขึ้นรถ"
歯,は,tooth,Genki Genki_Ln.12 Intermediate_Japanese Intermediate_Japanese_Ln.12 JLPT JLPT_5 JLPT_N5,J1;2F+tdr`,ฟัน
パーティー,パーティー,a party,Genki Genki_Ln.8 JLPT JLPT_5 JLPT_N5,O}o_r|!syk,งานปาร์ตี้
はい,はい,yes,Genki Genki_Ln.1 JLPT JLPT_3 JLPT_5 JLPT_N5,Q.;:Q&Nmh},ใช่
～杯,～はい,counter for cupfuls,JLPT JLPT_5 JLPT_N5,JTOz#Az0jW,ตัวนับถ้วย
灰皿,はいざら,ashtray,JLPT JLPT_5 JLPT_N5,mAdBNp<Jp$,ที่เขี่ยบุหรี่
入る,はいる,"to enter, to contain, to hold",JLPT JLPT_5 JLPT_N5,zZFQIc).TB,"เข้าไป, บรรจุ, เก็บไว้"
葉書,はがき,postcard,Genki Genki_Ln.5 JLPT JLPT_5 JLPT_N5,jer83m7P=.,โปสการ์ด
はく,はく,to put on (items below your waist),Genki Genki_Ln.7 JLPT JLPT_3 JLPT_5 JLPT_N5,oRjJ`o{id),สวมใส่ (สิ่งของที่อยู่ต่ำกว่าเอว)
箱,はこ,box,JLPT JLPT_5 JLPT_N5,D@BX&%Fydt,กล่อง
橋,はし,bridge,JLPT JLPT_3 JLPT_5 JLPT_N5,gMcz>SvPjQ,สะพาน
箸,はし,chopsticks,Genki Genki_Ln.8 JLPT JLPT_3 JLPT_5 JLPT_N5,vlWz[4OAnE,ตะเกียบ
始まる,はじまる,(something) begins,Genki Genki_Ln.9 JLPT JLPT_5 JLPT_N5,g7#i$_:K%6,(บางสิ่ง) เริ่มต้น
初め; 始め,はじめ,"beginning, start",JLPT JLPT_3 JLPT_5 JLPT_N5,Po{k$4o=i},"จุดเริ่มต้น, เริ่มต้น"
初めて,はじめて,for the first time,Genki Genki_Ln.12 Intermediate_Japanese Intermediate_Japanese_Ln.1 JLPT JLPT_5 JLPT_N5,FM~Al0*F*3,เป็นครั้งแรก
走る,はしる,to run,Genki Genki_Ln.22 Intermediate_Japanese Intermediate_Japanese_Ln.10 JLPT JLPT_5 JLPT_N5,"B)($ycG+,c",วิ่ง
バス,バス,bus; bath; bass,Genki Genki_Ln.5 Intermediate_Japanese Intermediate_Japanese_Ln.10 JLPT JLPT_1 JLPT_5 JLPT_N5,nF2zK|?mh~,รถบัส; อาบน้ำ; เบส
バター,バター,butter,JLPT JLPT_5 JLPT_N5,bep_D~c3Ed,เนย
二十歳,はたち,20 years old,JLPT JLPT_3 JLPT_5 JLPT_N5,"s,}HT(8Tzb",อายุ 20 ปี
働く,はたらく,to work,Genki Genki_Ln.11 Intermediate_Japanese Intermediate_Japanese_Ln.9 JLPT JLPT_5 JLPT_N5,fCkP4x.Nco,เพื่อทำงาน
八,はち,eight,JLPT JLPT_5 JLPT_N5,maEI.lHT3>,แปด
二十日,はつか,"twenty days, twentieth (day of the month)",JLPT JLPT_5 JLPT_N5,mmn=3%}>}J,ยี่สิบวัน วันที่ยี่สิบ (ของเดือน)
花,はな,flower,JLPT JLPT_5 JLPT_N5,js_smr~4Ak,ดอกไม้
鼻,はな,nose,JLPT JLPT_5 JLPT_N5,"Ft8Z7qnLG,",จมูก
話,はなし,"talk (chat), story",Genki Genki_Ln.19 JLPT JLPT_5 JLPT_N5,A(<B}*ZSa_,"พูดคุย (แชท), เล่าเรื่อง"
話す,はなす,to speak,JLPT JLPT_3 JLPT_5 JLPT_N5,d]>`2&`x#1,พูด
母,はは,(my) mother,Genki Genki_Ln.14 JLPT JLPT_5 JLPT_N5,I?S_Xs1PT;,แม่ของฉัน
早い,はやい,early,Genki Genki_Ln.3 JLPT JLPT_5 JLPT_N5,J6yYVxGFN*,แต่แรก
速い,はやい,"fast, quick",Genki Genki_Ln.7 Intermediate_Japanese Intermediate_Japanese_Ln.4 JLPT JLPT_5 JLPT_N5,pfU@DZ;h3^,เร็ว ฉับไว
春,はる,spring,Genki Genki_Ln.10 Intermediate_Japanese Intermediate_Japanese_Ln.4 JLPT JLPT_3 JLPT_5 JLPT_N5,mlEwn=b[H<,ฤดูใบไม้ผลิ
貼る,はる,to post; to paste; to attach,Genki Genki_Ln.21 Intermediate_Japanese Intermediate_Japanese_Ln.3 JLPT JLPT_3 JLPT_5 JLPT_N5,zI5j%aDV0.,โพสต์; แปะ; แนบ
晴れ,はれ,clear (sunny) weather,Genki Genki_Ln.12 JLPT JLPT_5 JLPT_N5,nBD2D7_?kw,อากาศแจ่มใส (แดดจัด)
晴れる,はれる,to be sunny,Genki Genki_Ln.19 JLPT JLPT_5 JLPT_N5,ATM=j&::X;,แดดจ้า
半,はん,"half (e.g., にじはん | half-past two)",Genki Genki_Ln.1 JLPT JLPT_3 JLPT_5 JLPT_N5,s%lRHov]`n,ครึ่ง (เช่น にじHAん | สองทุ่มครึ่ง)
晩,ばん,evening,JLPT JLPT_3 JLPT_5 JLPT_N5,hO?dVEN`5B,ตอนเย็น
～番,～ばん,~st; ~th best,JLPT JLPT_5 JLPT_N5,b/wgPDiVBg,~st; ~th ดีที่สุด
パン,パン,bread,Genki Genki_Ln.4 JLPT JLPT_5 JLPT_N5,FI2Z[9I*9Q,ขนมปัง
ハンカチ,ハンカチ,handkerchief,JLPT JLPT_5 JLPT_N5,yU4LCXkUnv,ผ้าเช็ดหน้า
番号,ばんごう,"number, series of digits",Genki Genki_Ln.1 JLPT JLPT_5 JLPT_N5,c^xE))av$-,"ตัวเลข, ชุดตัวเลข"
晩御飯,ばんごはん,"dinner, evening meal",Genki Genki_Ln.3 JLPT JLPT_5 JLPT_N5,HihAr>C::*,"อาหารเย็น, มื้อค่ำ"
半分,はんぶん,half,JLPT JLPT_5 JLPT_N5,DN!/&cg9bL,ครึ่ง
東,ひがし,east,JLPT JLPT_5 JLPT_N5,"pI3YEa2,3t",ทิศตะวันออก
～匹,～ひき,counter for small animals,JLPT JLPT_5 JLPT_N5,ivmKu+!yZ},เคาน์เตอร์สำหรับสัตว์เล็ก
引く,ひく,"to pull, to draw; subtract",JLPT JLPT_2 JLPT_3 JLPT_5 JLPT_N5,tVVM)ZI7wM,"ดึง, ลาก; ลบ"
弾く,ひく,to play (a string instrument or piano),Genki Genki_Ln.9 JLPT JLPT_3 JLPT_5 JLPT_N5,HK}b0#P-HS,เล่น (เครื่องดนตรีประเภทสายหรือเปียโน)
低い,ひくい,"short, low",JLPT JLPT_5 JLPT_N5,BBr{:lP!;x,สั้น ต่ำ
飛行機,ひこうき,airplane,Genki Genki_Ln.5 Intermediate_Japanese Intermediate_Japanese_Ln.1 JLPT JLPT_5 JLPT_N5,OUQ4o:]Va=,เครื่องบิน
左,ひだり,left hand side,JLPT JLPT_5 JLPT_N5,h_@t6d`1:*,ด้านซ้าย
人,ひと,"man, person",Genki Genki_Ln.4 JLPT JLPT_5 JLPT_N5,ya&#4:D}>{,"ผู้ชาย, บุคคล"
一つ,ひとつ,one thing,Genki Genki_Ln.9 JLPT JLPT_5 JLPT_N5,lMwiFE;gTW,สิ่งหนึ่ง
一月,ひとつき,one month,JLPT JLPT_5 JLPT_N5,JU.k{Nz*{h,หนึ่งเดือน
一人,ひとり,one person,Genki Genki_Ln.7 JLPT JLPT_3 JLPT_5 JLPT_N5,rOUMQ8LZ5<,หนึ่งคน
暇,ひま,"free time, leisure",JLPT JLPT_5 JLPT_N5,urDxNZnrq<,"เวลาว่าง, การพักผ่อน"
百,ひゃく,hundred,JLPT JLPT_5 JLPT_N5,J;(UasY_=O,ร้อย
病院,びょういん,hospital,Genki Genki_Ln.4 JLPT JLPT_5 JLPT_N5,<+#t;D=L-,โรงพยาบาล
病気,びょうき,illness; sickness,Genki Genki_Ln.9 Intermediate_Japanese Intermediate_Japanese_Ln.2 JLPT JLPT_5 JLPT_N5,Ibs3I0!xB|,ความเจ็บป่วย; โรคภัยไข้เจ็บ
平仮名,ひらがな,hiragana,JLPT JLPT_5 JLPT_N5,k}y1F@5e8u,ฮิรากานะ
昼,ひる,"noon, daytime",JLPT JLPT_5 JLPT_N5,i8$:v@D8x1,"เที่ยงวัน, กลางวัน"
昼御飯,ひるごはん,"lunch, midday meal",Genki Genki_Ln.3 JLPT JLPT_5 JLPT_N5,JGK7M1P.PA,"อาหารกลางวัน, อาหารมื้อเที่ยง"
広い,ひろい,spacious; wide; broad,Genki Genki_Ln.15 Intermediate_Japanese Intermediate_Japanese_Ln.15 JLPT JLPT_5 JLPT_N5,nThxsh#3~a,กว้างขวาง; กว้าง; ใหญ่
フィルム,フィルム,film (roll of),JLPT JLPT_5 JLPT_N5,w#JO*~D@<H,ฟิล์ม (ม้วน)
封筒,ふうとう,envelope,Intermediate_Japanese Intermediate_Japanese_Ln.3 JLPT JLPT_5 JLPT_N5,JaXU6BSc-h,ซองจดหมาย
プール,プール,swimming pool,Genki Genki_Ln.15 JLPT JLPT_5 JLPT_N5,J.!iKtAY)1,สระว่ายน้ำ
フォーク,フォーク,fork,JLPT JLPT_5 JLPT_N5,Q#>HBX67;#,ส้อม
吹く,ふく,"to blow (wind, etc.)",Genki Genki_Ln.22 JLPT JLPT_3 JLPT_5 JLPT_N5,mo@qiT7%d3,พัด (ลม ฯลฯ)
服,ふく,clothes,Genki Genki_Ln.12 JLPT JLPT_3 JLPT_5 JLPT_N5,G;N&<jI3Ep,เสื้อผ้า
二つ,ふたつ,two things,Genki Genki_Ln.9 JLPT JLPT_5 JLPT_N5,A@M*oG}Fjm,สองสิ่ง
豚肉,ぶたにく,pork,JLPT JLPT_5 JLPT_N5,N1fM*9;kPY,เนื้อหมู
二人,ふたり,two people,Genki Genki_Ln.7 JLPT JLPT_5 JLPT_N5,yRF#3ntAGH,สองคน
二日,ふつか,two days; second day of the month,Genki Genki_Ln.13 JLPT JLPT_5 JLPT_N5,dRYcz7jSL;,สองวัน; วันที่สองของเดือน
太い,ふとい,"fat, thick",JLPT JLPT_5 JLPT_N5,LD`2@7dG9a,อ้วน หนา
冬,ふゆ,winter,Genki Genki_Ln.8 Intermediate_Japanese Intermediate_Japanese_Ln.4 JLPT JLPT_5 JLPT_N5,reZ;<Y^{LL,ฤดูหนาว
降る,ふる,"to precipitate, to fall (e.g., rain, snow, etc.)",Intermediate_Japanese Intermediate_Japanese_Ln.2 JLPT JLPT_3 JLPT_5 JLPT_N5,q(<}4NV?U@,ทำให้เกิดการตก การตกลงมา (เช่น ฝน หิมะ เป็นต้น)
古い,ふるい,"old (in reference to objects, not people), aged, ancient",Genki Genki_Ln.5 JLPT JLPT_5 JLPT_N5,gH<g@fkLje,เก่า (ในความหมายของสิ่งของ ไม่ใช่คน) แก่ชรา โบราณ
～分,～ふん,~ minutes,JLPT JLPT_5 JLPT_N5,chUnU+#xr],~ นาที
文章,ぶんしょう,"sentence, text",JLPT JLPT_5 JLPT_N5,F&}@z14/*V,"ประโยค, ข้อความ"
ページ,ページ,a page,Genki Genki_Ln.6 JLPT JLPT_5 JLPT_N5,jR*]a[JBx$,หน้าหนึ่ง
下手,へた,"unskillful, poor",JLPT JLPT_5 JLPT_N5,zx]n<UpO/Q,"ไร้ฝีมือ, แย่"
ベッド,ベッド,bed,JLPT JLPT_5 JLPT_N5,mm(#F~5?W7,เตียง
ペット,ペット,pet,Genki Genki_Ln.15 JLPT JLPT_3 JLPT_5 JLPT_N5,Gm:f8t8t/V,สัตว์เลี้ยง
部屋,へや,a room,Genki Genki_Ln.5 Intermediate_Japanese Intermediate_Japanese_Ln.2 JLPT JLPT_5 JLPT_N5,"cB,rGZ.;c.",ห้องหนึ่ง
辺,へん,"area, vicinity",JLPT JLPT_5 JLPT_N5,"v^uJ@o,r7C","พื้นที่, บริเวณใกล้เคียง"
ペン,ペン,pen,Genki Genki_Ln.2 JLPT JLPT_5 JLPT_N5,PpbmxKp]%S,ปากกา
勉強,べんきょう (する),study,JLPT JLPT_3 JLPT_5 JLPT_N5,P|N-mC4itp,ศึกษา
便利,べんり,"convenient, handy",JLPT JLPT_5 JLPT_N5,NSM1sxi#q3,สะดวก พกพาง่าย
帽子,ぼうし,hat; cap,Genki Genki_Ln.2 JLPT JLPT_5 JLPT_N5,whud$h6Xsa,หมวก; หมวกแก๊ป
ボールペン,ボールペン,ball-point pen,JLPT JLPT_5 JLPT_N5,A1a57pRAi*,ปากกาลูกลื่น
外,ほか,"other, the rest",JLPT JLPT_3 JLPT_5 JLPT_N5,q-Rsw+YG/*,อื่นๆ ที่เหลือ
ポケット,ポケット,pocket,JLPT JLPT_5 JLPT_N5,PrdL>hhb^[,กระเป๋า
欲しい,ほしい,"to want, in need of",JLPT JLPT_5 JLPT_N5,"IB/)D,[pe$","ต้องการ, จำเป็น"
ポスト,ポスト,"mailbox; post, position",JLPT JLPT_5 JLPT_N5,CSDW$^FNBN,"ตู้จดหมาย; ตำแหน่ง, ไปรษณีย์"
細い,ほそい,"thin, slender, fine",JLPT JLPT_5 JLPT_N5,zm=f9J*i)W,ผอมบาง เรียวบาง ละเอียด
ボタン,ボタン,button,JLPT JLPT_5 JLPT_N5,o=Cnvf:%>b,ปุ่ม
ホテル,ホテル,hotel,Genki Genki_Ln.4 JLPT JLPT_5 JLPT_N5,n#S=W;:k;`,โรงแรม
本,ほん,book,Genki Genki_Ln.2 JLPT JLPT_5 JLPT_N5,PgM`&0<&bX,หนังสือ
～本,～ほん,counter for long cylindrical things,JLPT JLPT_2 JLPT_5 JLPT_N5,Aln2n5Y6m$,ตัวนับสำหรับสิ่งของทรงกระบอกยาว
本棚,ほんだな,bookshelf,JLPT JLPT_5 JLPT_N5,LlS7xyP)^9,ชั้นวางหนังสือ
本当,ほんとう,"real, true",JLPT JLPT_3 JLPT_5 JLPT_N5,mp{CGAM3}E,ของจริง ของจริง
～枚,～まい,counter for flat things,JLPT JLPT_5 JLPT_N5,eZ7Lx)q}m,เคาน์เตอร์สำหรับสิ่งของแบนๆ
毎朝,まいあさ,every morning,Genki Genki_Ln.19 JLPT JLPT_5 JLPT_N5,FY8YY]~jH+,ทุกเช้า
毎月,まいげつ; まいつき,"every month, monthly",JLPT JLPT_5 JLPT_N5,x6m6aNH)Wj,ทุกเดือน รายเดือน
毎週,まいしゅう,every week,Genki Genki_Ln.8 JLPT JLPT_5 JLPT_N5,Lp7~a9~`1G,ทุกสัปดาห์
毎日,まいにち,every day,Genki Genki_Ln.3 JLPT JLPT_5 JLPT_N5,"b}uYG),?~1",ทุกวัน
毎年,まいねん; まいとし,"every year, yearly, annually",JLPT JLPT_5 JLPT_N5,cLTCt({=p{,ทุกปี ทุกปี ทุกปี
毎晩,まいばん,every night,Genki Genki_Ln.3 JLPT JLPT_5 JLPT_N5,s&rZqJP=be,ทุกคืน
前,まえ,"before, in front",Genki Genki_Ln.17 JLPT JLPT_5 JLPT_N5,AcNx(A=]3O,ก่อนหน้านี้ ข้างหน้า
～前,～まえ,in front of ~,JLPT JLPT_5 JLPT_N5,Jh#_2I1KK<,ข้างหน้า ~
曲る,まがる,"to turn, to bend",JLPT JLPT_3 JLPT_5 JLPT_N5,fZb*Dqk8+n,"หมุน, โค้งงอ"
まずい,まずい,"terrible (in reference to food), unappetizing, unpleasant (taste)",Genki Genki_Ln.23 JLPT JLPT_5 JLPT_N5,y=A8n$:VZF,"แย่มาก (ในความหมายของอาหาร), ไม่น่ารับประทาน, รสชาติไม่พึงประสงค์"
また,また,and; furthermore,Genki Genki_Ln.20 Intermediate_Japanese Intermediate_Japanese_Ln.5 JLPT JLPT_3 JLPT_5 JLPT_N5,H#sUyG^B<2,และยิ่งไปกว่านั้น
まだ,まだ,"yet, still, besides",Genki Genki_Ln.19 JLPT JLPT_3 JLPT_5 JLPT_N5,xr/3DB/ghC,ถึงกระนั้น ยังคงอยู่ นอกจากนี้
町,まち,town; city,Genki Genki_Ln.4 Intermediate_Japanese Intermediate_Japanese_Ln.1 JLPT JLPT_3 JLPT_5 JLPT_N5,xztbV5AMZZ,เมือง; เมืองใหญ่
待つ,まつ,to wait,JLPT JLPT_3 JLPT_5 JLPT_N5,N6<)T3m*1$,รอ
まっすぐ,まっすぐ,"straight (ahead), direct",JLPT JLPT_3 JLPT_5 JLPT_N5,o(%GCd@4cN,"ตรงไปข้างหน้า, ตรง"
マッチ,マッチ,match,JLPT JLPT_5 JLPT_N5,r{cxPi6M{l,จับคู่
窓,まど,window,Genki Genki_Ln.6 JLPT JLPT_5 JLPT_N5,dZZ^@1iCkq,หน้าต่าง
丸い; 円い,まるい,"round, circular",JLPT JLPT_3 JLPT_5 JLPT_N5,kXV&n*v-w~,"กลม, ทรงกลม"
万,まん,ten thousand,JLPT JLPT_5 JLPT_N5,k%8Ts^<^Df,หมื่น
万年筆,まんねんひつ,fountain pen,JLPT JLPT_5 JLPT_N5,pjtI#>[G;I,ปากกาหมึกซึม
磨く,みがく,to brush (teeth); to polish,Genki Genki_Ln.13 JLPT JLPT_5 JLPT_N5,f*XbBCL&y-,แปรงฟัน; ขัดฟัน
右,みぎ,right hand side,JLPT JLPT_5 JLPT_N5,Dx]?1r0B)6,ด้านขวามือ
短い,みじかい,short (length),Genki Genki_Ln.7 Intermediate_Japanese Intermediate_Japanese_Ln.11 JLPT JLPT_5 JLPT_N5,CoDv|eMw1>,สั้น (ความยาว)
水,みず,water,Genki Genki_Ln.3 JLPT JLPT_5 JLPT_N5,Psad>Q=[fe,น้ำ
店,みせ,"store, shop",Genki Genki_Ln.13 Intermediate_Japanese Intermediate_Japanese_Ln.6 JLPT JLPT_5 JLPT_N5,w{yPQLxrpZ,"ร้านค้า, ร้านขายของ"
見せる,みせる,"to show, to display",Genki Genki_Ln.16 JLPT JLPT_5 JLPT_N5,u/XQDC4A&:,"เพื่อแสดง, เพื่อแสดงให้เห็น"
道,みち,"road, street; way, directions",Genki Genki_Ln.16 JLPT JLPT_5 JLPT_N5,g*1iadY2;L,"ถนน, ทางเดิน; เส้นทาง, ทิศทาง"
三日,みっか,"three days, third day of the month",Genki Genki_Ln.13 JLPT JLPT_5 JLPT_N5,"BQ,4DuKr8>",สามวัน วันที่สามของเดือน
三つ,みっつ,three things,Genki Genki_Ln.9 JLPT JLPT_5 JLPT_N5,E%f95v%koQ,สามสิ่ง
緑,みどり,green,JLPT JLPT_5 JLPT_N5,d@$Uu~dQl-,สีเขียว
皆さん,みなさん,"all of you, everyone",Intermediate_Japanese Intermediate_Japanese_Ln.4 JLPT JLPT_5 JLPT_N5,xUxg44IBk/,พวกคุณทุกคน
南,みなみ,South,Intermediate_Japanese Intermediate_Japanese_Ln.10 JLPT JLPT_5 JLPT_N5,tmB.Hd2Sk_,ใต้
耳,みみ,ear,Intermediate_Japanese Intermediate_Japanese_Ln.5 JLPT JLPT_5 JLPT_N5,c2VG#0omOo,หู
見る,みる,"to see, to look",JLPT JLPT_3 JLPT_5 JLPT_N5,LJ*9Zy3g--,เพื่อดู เพื่อมอง
みんな,みんな,"all, everyone, everybody",Genki Genki_Ln.9 JLPT JLPT_3 JLPT_5 JLPT_N5,NO(9_g@4E),ทั้งหมด ทุกคน ทุกๆ คน
六日,むいか,six days; sixth day of month,Genki Genki_Ln.13 JLPT JLPT_5 JLPT_N5,cT@R(=%:PY,หกวัน; วันที่หกของเดือน
向こう,むこう,"beyond, over there",JLPT JLPT_5 JLPT_N5,mQG@k1[%|C,ไกลออกไปตรงนั้น
難しい,むずかしい,difficult,Genki Genki_Ln.5 Intermediate_Japanese Intermediate_Japanese_Ln.2 JLPT JLPT_5 JLPT_N5,cp|.gBg]*Y,ยาก
六つ,むっつ,six things,Genki Genki_Ln.9 JLPT JLPT_5 JLPT_N5,",[k`qyR3)",หกสิ่ง
村,むら,village,Intermediate_Japanese Intermediate_Japanese_Ln.10 JLPT JLPT_5 JLPT_N5,INP.Ccu#He,หมู่บ้าน
目,め,eye(s),Genki Genki_Ln.7 JLPT JLPT_3 JLPT_5 JLPT_N5,dhfW}%pIM+,ดวงตา
メートル,メートル,meter,JLPT JLPT_5 JLPT_N5,BPMIO$2k{i,เมตร
眼鏡,めがね,eye glasses,Genki Genki_Ln.7 JLPT JLPT_5 JLPT_N5,OGc^3PJcd3,แว่นสายตา
もう,もう,already; again; more,Genki Genki_Ln.9 JLPT JLPT_2 JLPT_5 JLPT_N5,C9[8>(KXKL,อยู่แล้ว; อีกครั้ง; เพิ่มเติม
木曜日,もくようび,Thursday,Genki Genki_Ln.4 JLPT JLPT_3 JLPT_5 JLPT_N5,k#-z20ZxXI,วันพฤหัสบดี
もしもし,もしもし,Hello? (used on the phone),Genki Genki_Ln.4 JLPT JLPT_5 JLPT_N5,nnhl#WnLYa,สวัสดีครับ/ค่ะ (ใช้ในการสนทนาทางโทรศัพท์)
持つ,もつ,"to hold, to carry; to possess",JLPT JLPT_5 JLPT_N5,A&O@O/^cS;,"ถือ, พกพา; ครอบครอง"
もっと,もっと,more,Genki Genki_Ln.11 JLPT JLPT_3 JLPT_5 JLPT_N5,OqdI=b3^K`,มากกว่า
物,もの,thing (concrete object),Genki Genki_Ln.12 JLPT JLPT_3 JLPT_5 JLPT_N5,"z6=4|ALO,V",สิ่งของ (วัตถุที่เป็นรูปธรรม)
門,もん,gate,JLPT JLPT_5 JLPT_N5,H&[yCKRvgq,ประตู
問題,もんだい,a problem,Intermediate_Japanese Intermediate_Japanese_Ln.11 JLPT JLPT_5 JLPT_N5,Eh6&Bnk+Z%,ปัญหา
～屋,～や,~ shop,JLPT_N5,ht#2@^87+],~ ร้านค้า
八百屋,やおや,greengrocer,JLPT JLPT_5 JLPT_N5,C[.TX0anRy,ร้านขายผักผลไม้
野菜,やさい,vegetable,Genki Genki_Ln.2 JLPT JLPT_5 JLPT_N5,qVg2VfFKQ;,ผัก
易しい,やさしい,"easy, plain, simple",JLPT JLPT_5 JLPT_N5,O&W|&R47Dm,ง่าย ตรงไปตรงมา
安い,やすい,inexpensive; cheap (things),Genki Genki_Ln.5 JLPT JLPT_5 JLPT_N5,ie=X%ZqpqO,ราคาไม่แพง; ราคาถูก (ของ)
休み,やすみ,holiday; day off; absence,Genki Genki_Ln.5 JLPT JLPT_5 JLPT_N5,J*/c5_R!J=,วันหยุด; วันลา; การหยุดงาน
休む,やすむ,"to rest, to have a break, to get time off",JLPT JLPT_5 JLPT_N5,i~a&f>8]D[,เพื่อพักผ่อน เพื่อหยุดพัก เพื่อลาหยุด
八つ,やっつ,eight things,Genki Genki_Ln.9 JLPT JLPT_5 JLPT_N5,F=`<QfuMn*,แปดสิ่ง
山,やま,mountain,Genki Genki_Ln.11 JLPT JLPT_5 JLPT_N5,FM#``XMUDZ,ภูเขา
やる,やる,"to do; to give (to pets, parents, siblings, etc.)",Genki Genki_Ln.21 JLPT JLPT_4 JLPT_5 JLPT_N5,"ee,Y5GOGX?",ทำ; ให้ (แก่สัตว์เลี้ยง พ่อแม่ พี่น้อง ฯลฯ)
夕方,ゆうがた,"late afternoon (typically just before dinner time), evening",Genki Genki_Ln.18 Intermediate_Japanese Intermediate_Japanese_Ln.10 JLPT JLPT_5 JLPT_N5,wr(&N+9Gfn,ช่วงบ่ายแก่ๆ (โดยทั่วไปคือช่วงก่อนอาหารเย็น) หรือช่วงเย็น
夕飯,ゆうはん,"dinner, supper, evening meal",JLPT JLPT_4 JLPT_5 JLPT_N5,x@-+;z#Bdx,"อาหารเย็น, อาหารค่ำ, มื้อเย็น"
郵便局,ゆうびんきょく,post office,Genki Genki_Ln.2 JLPT JLPT_5 JLPT_N5,E9^vm]j#7*,ที่ทำการไปรษณีย์
昨夜,ゆうべ,last night,JLPT JLPT_3 JLPT_5 JLPT_N5,h5wsUbx`&$,เมื่อคืน
有名,ゆうめい,famous,JLPT JLPT_5 JLPT_N5,cV2lu-%dm7,มีชื่อเสียง
雪,ゆき,snow,Genki Genki_Ln.12 JLPT JLPT_3 JLPT_5 JLPT_N5,jr0utv~KvB,หิมะ
ゆっくりと,ゆっくりと,"slowly, at ease",JLPT JLPT_5 JLPT_N5,w_ef65R9#},ช้าๆ อย่างสบายๆ
八日,ようか,eight days; eighth day of the month,Genki Genki_Ln.13 JLPT JLPT_5 JLPT_N5,Fd}WQ7nZj^,แปดวัน; วันที่แปดของเดือน
洋服,ようふく,Western-style clothes,JLPT JLPT_5 JLPT_N5,uv*)pIfBA|,เสื้อผ้าสไตล์ตะวันตก
よく,よく,"frequently, often (much); well, skillfully",Genki Genki_Ln.14 Genki_Ln.3 JLPT JLPT_5 JLPT_N5,Fz[l>+!/Hl,"บ่อยครั้ง, บ่อยๆ (มาก); ดี, อย่างชำนาญ"
横,よこ,beside; side; width,Intermediate_Japanese Intermediate_Japanese_Ln.11 JLPT JLPT_5 JLPT_N5,C?K**~xaVS,ข้างๆ; ด้าน; ความกว้าง
四日,よっか,four days; fourth day of the month,Genki Genki_Ln.13 JLPT JLPT_5 JLPT_N5,s(2D4IDk2],สี่วัน; วันที่สี่ของเดือน
四つ,よっつ,four things,Genki Genki_Ln.9 JLPT JLPT_2 JLPT_5 JLPT_N5,BL9b_E4!L$,สี่สิ่ง
呼ぶ,よぶ,to call (one's name); to invite,Genki Genki_Ln.19 JLPT JLPT_3 JLPT_5 JLPT_N5,zV4mur-%tO,เรียกชื่อ (ของบุคคล); เชิญ
読む,よむ,to read,JLPT JLPT_5 JLPT_N5,G8F?CvYLz|,เพื่ออ่าน
夜,よる,"evening, night",Genki Genki_Ln.6 JLPT JLPT_3 JLPT_5 JLPT_N5,lj*phUSR[b,ตอนเย็น กลางคืน
弱い,よわい,weak,JLPT JLPT_5 JLPT_N5,x)3Ur1<az7,อ่อนแอ
来月,らいげつ,next month,Genki Genki_Ln.8 JLPT JLPT_5 JLPT_N5,O/Q*jP:8c|,เดือนหน้า
来週,らいしゅう,next week,Genki Genki_Ln.6 JLPT JLPT_5 JLPT_N5,h}c~#8X!n;,สัปดาห์หน้า
来年,らいねん,next year,Genki Genki_Ln.6 JLPT JLPT_5 JLPT_N5,"mvNiHK,T4b",ปีหน้า
ラジオ,ラジオ,radio,Genki Genki_Ln.14 JLPT JLPT_5 JLPT_N5,wyqA~/nA@+,วิทยุ
ラジオカセ,ラジオカセ,radio cassette player,JLPT JLPT_5 JLPT_N5,"eBPF6I+,&0",เครื่องเล่นวิทยุเทปคาสเซ็ต
りっぱ,りっぱ,"splendid, fine",JLPT JLPT_3 JLPT_5 JLPT_N5,J%`%&)W1.O,ยอดเยี่ยม ดีเยี่ยม
留学生,りゅうがくせい,international student,Genki Genki_Ln.1 JLPT JLPT_5 JLPT_N5,n89-KYTMQf,นักเรียนต่างชาติ
両親,りょうしん,"parents (lit., both parents)",Genki Genki_Ln.14 Intermediate_Japanese Intermediate_Japanese_Ln.1 JLPT JLPT_5 JLPT_N5,L.[<hVhM?f,พ่อแม่ (ทั้งพ่อและแม่)
料理,りょうり,cooking; cuisine,Intermediate_Japanese Intermediate_Japanese_Ln.4 JLPT JLPT_5 JLPT_N5,G!~TK}MKdj,การทำอาหาร; อาหาร
旅行,りょこう,"travel, trip",Genki Genki_Ln.5 JLPT JLPT_5 JLPT_N5,KmCEi1#qL@,"การเดินทาง, ทริป"
零,れい,"zero, nought",JLPT JLPT_3 JLPT_5 JLPT_N5,rc1t]Q^qI(,"ศูนย์, ศูนย์"
冷蔵庫,れいぞうこ,refrigerator,Genki Genki_Ln.18 JLPT JLPT_5 JLPT_N5,j*=Z=Hk4*w,ตู้เย็น
レコード,レコード,record,JLPT JLPT_5 JLPT_N5,xn:3qV.c32,บันทึก
レストラン,レストラン,restaurant,Genki Genki_Ln.4 JLPT JLPT_5 JLPT_N5,s3y4P[QtRd,ร้านอาหาร
練習,れんしゅう (する),(to) practice,JLPT JLPT_5 JLPT_N5,KaUYN0c91a,(เพื่อ) ฝึกฝน
廊下,ろうか,corridor,JLPT JLPT_5 JLPT_N5,AsH$#BLZ{M,ทางเดิน
六,ろく,six,JLPT JLPT_5 JLPT_N5,w>WY?cJ:VM,หก
ワイシャツ,ワイシャツ,"shirt (lit: white shirt), business shirt",JLPT JLPT_5 JLPT_N5,x|nJIKNm*T,"เสื้อเชิ้ต (แปลตรงตัว: เสื้อเชิ้ตสีขาว), เสื้อเชิ้ตทำงาน"
若い,わかい,young,Genki Genki_Ln.9 Intermediate_Japanese Intermediate_Japanese_Ln.1 JLPT JLPT_5 JLPT_N5,xN9[eu+8aY,หนุ่มสาว
分かる,わかる,to understand,JLPT JLPT_5 JLPT_N5,vF3#$3|-lu,เพื่อให้เข้าใจ
忘れる,わすれる,to forget,Intermediate_Japanese Intermediate_Japanese_Ln.3 JLPT JLPT_5 JLPT_N5,HW)xrzU[Z4,เพื่อที่จะลืม
私,わたし,"I, myself",Genki Genki_Ln.1 JLPT JLPT_5 JLPT_N5,I+Y7lySy.4,ตัวฉันเอง
私,わたくし,"I (formal), myself, private affairs",Genki Genki_Ln.13 JLPT JLPT_2 JLPT_5 JLPT_N5,m!I5:hHt<W,ฉัน (แบบทางการ) ตัวฉันเอง เรื่องส่วนตัว
渡す,わたす,to hand (something) over (v.t.); to get across,Intermediate_Japanese Intermediate_Japanese_Ln.6 JLPT JLPT_5 JLPT_N5,KvDHRUZ*r&,ส่งมอบ (บางสิ่ง) (กริยา); ข้ามไป
渡る,わたる,"to cross over, to go across",JLPT JLPT_5 JLPT_N5,z9kLvI4/{d,"ข้ามไป, เดินข้ามไป"
悪い,わるい,"bad, sinful; inferior",Genki Genki_Ln.12 Intermediate_Japanese Intermediate_Japanese_Ln.3 JLPT JLPT_5 JLPT_N5,rxV$$v%QZ;,เลวทราม บาป ต่ำต้อย